"BehaviorSpace results (NetLogo 6.4.0)","Spreadsheet version 2.0"
"gy-evac.nlogo"
"pop"
"11/21/2024 20:51:58:935 +0000"
"min-pxcor","max-pxcor","min-pycor","max-pycor"
"-16","16","-16","16"
"[run number]","1","1","1","1","1","1","1","1"
"over-break-p","0.06",,,,,,,
"terminate-evac-distance-km","0.3",,,,,,,
"initial-people","1000",,,,,,,
"max-walking-distance-km","0.3",,,,,,,
"warning-interval-time-mins","30",,,,,,,
"evacuation-probability","0.3",,,,,,,
"tick-time-in-mins","0.25",,,,,,,
"[reporter]","[step]","ticks","get-no-active-cars","get-no-walking","get-no-evacuating","get-no-evacuated","get-no-in-cars","get-avg-no-people-per-car"
"[final]","1938","1938","1","0","1","999","1","1"
"[min]","0","0","0","0","0","0","0","0"
"[max]","1938","1938","278","0","329","999","329","1.5"
"[mean]","969","969","37.506962351727694","0","42.96802475502837","817.2692109334708","42.96802475502837","0.6049041569729587"
"[total steps]","1938","1938","1938","1938","1938","1938","1938","1938"

"[all run data]","[step]","ticks","get-no-active-cars","get-no-walking","get-no-evacuating","get-no-evacuated","get-no-in-cars","get-avg-no-people-per-car"
,"0","0","0","0","0","0","0","0"
,"1","1","255","0","314","0","314","1.231372549019608"
,"2","2","255","0","314","0","314","1.231372549019608"
,"3","3","255","0","314","0","314","1.231372549019608"
,"4","4","255","0","314","0","314","1.231372549019608"
,"5","5","255","0","314","0","314","1.231372549019608"
,"6","6","255","0","314","0","314","1.231372549019608"
,"7","7","250","0","308","6","308","1.232"
,"8","8","247","0","304","10","304","1.2307692307692308"
,"9","9","246","0","302","12","302","1.2276422764227641"
,"10","10","243","0","297","17","297","1.2222222222222223"
,"11","11","239","0","292","22","292","1.2217573221757323"
,"12","12","238","0","291","23","291","1.2226890756302522"
,"13","13","238","0","291","23","291","1.2226890756302522"
,"14","14","236","0","289","25","289","1.2245762711864407"
,"15","15","232","0","285","29","285","1.228448275862069"
,"16","16","232","0","285","29","285","1.228448275862069"
,"17","17","231","0","284","30","284","1.2294372294372293"
,"18","18","228","0","280","34","280","1.2280701754385965"
,"19","19","226","0","278","36","278","1.2300884955752212"
,"20","20","225","0","276","38","276","1.2266666666666666"
,"21","21","224","0","275","39","275","1.2276785714285714"
,"22","22","223","0","273","41","273","1.2242152466367713"
,"23","23","223","0","273","41","273","1.2242152466367713"
,"24","24","222","0","272","42","272","1.2252252252252251"
,"25","25","222","0","272","42","272","1.2252252252252251"
,"26","26","222","0","272","42","272","1.2252252252252251"
,"27","27","221","0","271","43","271","1.2262443438914028"
,"28","28","220","0","270","44","270","1.2272727272727273"
,"29","29","219","0","269","45","269","1.2283105022831051"
,"30","30","218","0","268","46","268","1.2293577981651376"
,"31","31","216","0","265","49","265","1.2268518518518519"
,"32","32","214","0","262","52","262","1.2242990654205608"
,"33","33","211","0","258","56","258","1.2227488151658767"
,"34","34","207","0","253","61","253","1.2222222222222223"
,"35","35","207","0","253","61","253","1.2222222222222223"
,"36","36","207","0","253","61","253","1.2222222222222223"
,"37","37","205","0","251","63","251","1.224390243902439"
,"38","38","204","0","250","64","250","1.2254901960784315"
,"39","39","204","0","250","64","250","1.2254901960784315"
,"40","40","202","0","248","66","248","1.2277227722772277"
,"41","41","202","0","248","66","248","1.2277227722772277"
,"42","42","201","0","246","68","246","1.2238805970149254"
,"43","43","199","0","243","71","243","1.221105527638191"
,"44","44","199","0","243","71","243","1.221105527638191"
,"45","45","199","0","243","71","243","1.221105527638191"
,"46","46","199","0","243","71","243","1.221105527638191"
,"47","47","196","0","239","75","239","1.219387755102041"
,"48","48","192","0","234","80","234","1.21875"
,"49","49","188","0","230","84","230","1.2234042553191489"
,"50","50","186","0","228","86","228","1.2258064516129032"
,"51","51","184","0","226","88","226","1.2282608695652173"
,"52","52","184","0","226","88","226","1.2282608695652173"
,"53","53","182","0","223","91","223","1.2252747252747254"
,"54","54","181","0","222","92","222","1.2265193370165746"
,"55","55","181","0","222","92","222","1.2265193370165746"
,"56","56","180","0","221","93","221","1.2277777777777779"
,"57","57","179","0","220","94","220","1.229050279329609"
,"58","58","177","0","217","97","217","1.2259887005649717"
,"59","59","177","0","217","97","217","1.2259887005649717"
,"60","60","177","0","217","97","217","1.2259887005649717"
,"61","61","175","0","214","100","214","1.2228571428571429"
,"62","62","174","0","212","102","212","1.2183908045977012"
,"63","63","172","0","210","104","210","1.2209302325581395"
,"64","64","170","0","208","106","208","1.223529411764706"
,"65","65","169","0","207","107","207","1.2248520710059172"
,"66","66","166","0","203","111","203","1.2228915662650603"
,"67","67","165","0","201","113","201","1.2181818181818183"
,"68","68","165","0","201","113","201","1.2181818181818183"
,"69","69","163","0","199","115","199","1.2208588957055215"
,"70","70","159","0","195","119","195","1.2264150943396226"
,"71","71","156","0","192","122","192","1.2307692307692308"
,"72","72","153","0","186","128","186","1.2156862745098038"
,"73","73","152","0","184","130","184","1.2105263157894737"
,"74","74","152","0","184","130","184","1.2105263157894737"
,"75","75","150","0","182","132","182","1.2133333333333334"
,"76","76","147","0","179","135","179","1.217687074829932"
,"77","77","146","0","177","137","177","1.2123287671232876"
,"78","78","146","0","177","137","177","1.2123287671232876"
,"79","79","145","0","176","138","176","1.2137931034482758"
,"80","80","142","0","173","141","173","1.2183098591549295"
,"81","81","140","0","171","143","171","1.2214285714285715"
,"82","82","139","0","170","144","170","1.223021582733813"
,"83","83","133","0","164","150","164","1.2330827067669172"
,"84","84","128","0","159","155","159","1.2421875"
,"85","85","124","0","154","160","154","1.2419354838709677"
,"86","86","123","0","153","161","153","1.2439024390243902"
,"87","87","121","0","151","163","151","1.2479338842975207"
,"88","88","121","0","151","163","151","1.2479338842975207"
,"89","89","121","0","151","163","151","1.2479338842975207"
,"90","90","119","0","149","165","149","1.2521008403361344"
,"91","91","119","0","149","165","149","1.2521008403361344"
,"92","92","119","0","149","165","149","1.2521008403361344"
,"93","93","117","0","147","167","147","1.2564102564102564"
,"94","94","116","0","146","168","146","1.2586206896551724"
,"95","95","115","0","145","169","145","1.2608695652173914"
,"96","96","113","0","143","171","143","1.2654867256637168"
,"97","97","111","0","140","174","140","1.2612612612612613"
,"98","98","110","0","139","175","139","1.2636363636363637"
,"99","99","110","0","139","175","139","1.2636363636363637"
,"100","100","109","0","137","177","137","1.2568807339449541"
,"101","101","108","0","136","178","136","1.2592592592592593"
,"102","102","107","0","135","179","135","1.2616822429906542"
,"103","103","106","0","134","180","134","1.2641509433962264"
,"104","104","106","0","134","180","134","1.2641509433962264"
,"105","105","105","0","133","181","133","1.2666666666666666"
,"106","106","105","0","133","181","133","1.2666666666666666"
,"107","107","104","0","132","182","132","1.2692307692307692"
,"108","108","102","0","130","184","130","1.2745098039215685"
,"109","109","102","0","130","184","130","1.2745098039215685"
,"110","110","101","0","129","185","129","1.2772277227722773"
,"111","111","99","0","126","188","126","1.2727272727272727"
,"112","112","99","0","126","188","126","1.2727272727272727"
,"113","113","97","0","124","190","124","1.2783505154639174"
,"114","114","94","0","120","194","120","1.2765957446808511"
,"115","115","92","0","117","197","117","1.2717391304347827"
,"116","116","91","0","115","199","115","1.2637362637362637"
,"117","117","91","0","115","199","115","1.2637362637362637"
,"118","118","88","0","111","203","111","1.2613636363636365"
,"119","119","86","0","109","205","109","1.2674418604651163"
,"120","120","85","0","108","206","108","1.2705882352941176"
,"121","121","278","0","329","207","329","1.183453237410072"
,"122","122","278","0","329","207","329","1.183453237410072"
,"123","123","278","0","329","207","329","1.183453237410072"
,"124","124","276","0","326","210","326","1.181159420289855"
,"125","125","276","0","326","210","326","1.181159420289855"
,"126","126","276","0","326","210","326","1.181159420289855"
,"127","127","275","0","325","211","325","1.1818181818181819"
,"128","128","270","0","319","217","319","1.1814814814814816"
,"129","129","268","0","317","219","317","1.1828358208955223"
,"130","130","265","0","314","222","314","1.1849056603773584"
,"131","131","260","0","308","228","308","1.1846153846153846"
,"132","132","257","0","304","232","304","1.1828793774319066"
,"133","133","255","0","302","234","302","1.184313725490196"
,"134","134","254","0","301","235","301","1.18503937007874"
,"135","135","254","0","301","235","301","1.18503937007874"
,"136","136","251","0","298","238","298","1.1872509960159363"
,"137","137","247","0","291","245","291","1.1781376518218623"
,"138","138","244","0","287","249","287","1.1762295081967213"
,"139","139","242","0","285","251","285","1.177685950413223"
,"140","140","241","0","283","253","283","1.1742738589211619"
,"141","141","240","0","281","255","281","1.1708333333333334"
,"142","142","240","0","281","255","281","1.1708333333333334"
,"143","143","238","0","279","257","279","1.1722689075630253"
,"144","144","237","0","277","259","277","1.1687763713080168"
,"145","145","235","0","275","261","275","1.1702127659574468"
,"146","146","234","0","274","262","274","1.170940170940171"
,"147","147","232","0","272","264","272","1.1724137931034482"
,"148","148","231","0","271","265","271","1.173160173160173"
,"149","149","231","0","271","265","271","1.173160173160173"
,"150","150","229","0","269","267","269","1.1746724890829694"
,"151","151","228","0","267","269","267","1.1710526315789473"
,"152","152","227","0","266","270","266","1.171806167400881"
,"153","153","226","0","265","271","265","1.1725663716814159"
,"154","154","225","0","263","273","263","1.1688888888888889"
,"155","155","225","0","263","273","263","1.1688888888888889"
,"156","156","224","0","262","274","262","1.1696428571428572"
,"157","157","222","0","260","276","260","1.1711711711711712"
,"158","158","219","0","256","280","256","1.1689497716894977"
,"159","159","217","0","253","283","253","1.1658986175115207"
,"160","160","215","0","251","285","251","1.1674418604651162"
,"161","161","211","0","246","290","246","1.1658767772511849"
,"162","162","210","0","245","291","245","1.1666666666666667"
,"163","163","210","0","245","291","245","1.1666666666666667"
,"164","164","207","0","242","294","242","1.1690821256038648"
,"165","165","204","0","238","298","238","1.1666666666666667"
,"166","166","198","0","231","305","231","1.1666666666666667"
,"167","167","197","0","229","307","229","1.1624365482233503"
,"168","168","195","0","226","310","226","1.158974358974359"
,"169","169","194","0","225","311","225","1.1597938144329898"
,"170","170","189","0","219","317","219","1.1587301587301588"
,"171","171","187","0","217","319","217","1.160427807486631"
,"172","172","184","0","214","322","214","1.1630434782608696"
,"173","173","180","0","210","326","210","1.1666666666666667"
,"174","174","180","0","210","326","210","1.1666666666666667"
,"175","175","179","0","209","327","209","1.1675977653631284"
,"176","176","178","0","208","328","208","1.1685393258426966"
,"177","177","176","0","206","330","206","1.1704545454545454"
,"178","178","173","0","203","333","203","1.1734104046242775"
,"179","179","170","0","197","339","197","1.1588235294117648"
,"180","180","167","0","191","345","191","1.1437125748502994"
,"181","181","167","0","191","345","191","1.1437125748502994"
,"182","182","167","0","191","345","191","1.1437125748502994"
,"183","183","167","0","191","345","191","1.1437125748502994"
,"184","184","167","0","191","345","191","1.1437125748502994"
,"185","185","167","0","191","345","191","1.1437125748502994"
,"186","186","163","0","186","350","186","1.1411042944785277"
,"187","187","161","0","184","352","184","1.1428571428571428"
,"188","188","160","0","183","353","183","1.14375"
,"189","189","160","0","183","353","183","1.14375"
,"190","190","159","0","182","354","182","1.1446540880503144"
,"191","191","156","0","177","359","177","1.1346153846153846"
,"192","192","156","0","177","359","177","1.1346153846153846"
,"193","193","154","0","175","361","175","1.1363636363636365"
,"194","194","154","0","175","361","175","1.1363636363636365"
,"195","195","154","0","175","361","175","1.1363636363636365"
,"196","196","152","0","173","363","173","1.138157894736842"
,"197","197","151","0","172","364","172","1.1390728476821192"
,"198","198","150","0","171","365","171","1.14"
,"199","199","149","0","170","366","170","1.1409395973154361"
,"200","200","149","0","170","366","170","1.1409395973154361"
,"201","201","146","0","167","369","167","1.143835616438356"
,"202","202","145","0","165","371","165","1.1379310344827587"
,"203","203","145","0","165","371","165","1.1379310344827587"
,"204","204","143","0","163","373","163","1.1398601398601398"
,"205","205","142","0","162","374","162","1.1408450704225352"
,"206","206","142","0","162","374","162","1.1408450704225352"
,"207","207","137","0","157","379","157","1.145985401459854"
,"208","208","137","0","157","379","157","1.145985401459854"
,"209","209","136","0","156","380","156","1.1470588235294117"
,"210","210","136","0","156","380","156","1.1470588235294117"
,"211","211","136","0","156","380","156","1.1470588235294117"
,"212","212","135","0","155","381","155","1.1481481481481481"
,"213","213","133","0","153","383","153","1.150375939849624"
,"214","214","133","0","153","383","153","1.150375939849624"
,"215","215","132","0","152","384","152","1.1515151515151516"
,"216","216","131","0","151","385","151","1.1526717557251909"
,"217","217","127","0","145","391","145","1.141732283464567"
,"218","218","127","0","145","391","145","1.141732283464567"
,"219","219","124","0","142","394","142","1.1451612903225807"
,"220","220","122","0","140","396","140","1.1475409836065573"
,"221","221","121","0","138","398","138","1.140495867768595"
,"222","222","118","0","135","401","135","1.1440677966101696"
,"223","223","118","0","135","401","135","1.1440677966101696"
,"224","224","117","0","134","402","134","1.1452991452991452"
,"225","225","116","0","133","403","133","1.146551724137931"
,"226","226","114","0","131","405","131","1.1491228070175439"
,"227","227","114","0","131","405","131","1.1491228070175439"
,"228","228","114","0","131","405","131","1.1491228070175439"
,"229","229","114","0","131","405","131","1.1491228070175439"
,"230","230","113","0","130","406","130","1.1504424778761062"
,"231","231","109","0","125","411","125","1.146788990825688"
,"232","232","109","0","125","411","125","1.146788990825688"
,"233","233","106","0","122","414","122","1.150943396226415"
,"234","234","106","0","122","414","122","1.150943396226415"
,"235","235","106","0","122","414","122","1.150943396226415"
,"236","236","106","0","122","414","122","1.150943396226415"
,"237","237","105","0","121","415","121","1.1523809523809523"
,"238","238","104","0","120","416","120","1.1538461538461537"
,"239","239","103","0","119","417","119","1.1553398058252426"
,"240","240","102","0","118","418","118","1.1568627450980393"
,"241","241","224","0","247","419","247","1.1026785714285714"
,"242","242","221","0","244","422","244","1.1040723981900453"
,"243","243","221","0","244","422","244","1.1040723981900453"
,"244","244","219","0","241","425","241","1.1004566210045663"
,"245","245","218","0","240","426","240","1.1009174311926606"
,"246","246","216","0","238","428","238","1.1018518518518519"
,"247","247","212","0","234","432","234","1.1037735849056605"
,"248","248","209","0","230","436","230","1.1004784688995215"
,"249","249","208","0","229","437","229","1.1009615384615385"
,"250","250","207","0","227","439","227","1.0966183574879227"
,"251","251","205","0","225","441","225","1.0975609756097562"
,"252","252","204","0","224","442","224","1.0980392156862746"
,"253","253","200","0","220","446","220","1.1"
,"254","254","198","0","217","449","217","1.095959595959596"
,"255","255","194","0","212","454","212","1.092783505154639"
,"256","256","193","0","211","455","211","1.0932642487046633"
,"257","257","193","0","211","455","211","1.0932642487046633"
,"258","258","192","0","210","456","210","1.09375"
,"259","259","189","0","207","459","207","1.0952380952380953"
,"260","260","189","0","207","459","207","1.0952380952380953"
,"261","261","188","0","206","460","206","1.0957446808510638"
,"262","262","185","0","201","465","201","1.0864864864864865"
,"263","263","183","0","199","467","199","1.0874316939890711"
,"264","264","181","0","197","469","197","1.0883977900552486"
,"265","265","178","0","194","472","194","1.0898876404494382"
,"266","266","174","0","189","477","189","1.0862068965517242"
,"267","267","171","0","186","480","186","1.087719298245614"
,"268","268","171","0","186","480","186","1.087719298245614"
,"269","269","170","0","185","481","185","1.088235294117647"
,"270","270","169","0","184","482","184","1.0887573964497042"
,"271","271","166","0","181","485","181","1.0903614457831325"
,"272","272","165","0","180","486","180","1.0909090909090908"
,"273","273","163","0","177","489","177","1.0858895705521472"
,"274","274","163","0","177","489","177","1.0858895705521472"
,"275","275","158","0","172","494","172","1.0886075949367089"
,"276","276","157","0","171","495","171","1.089171974522293"
,"277","277","157","0","171","495","171","1.089171974522293"
,"278","278","152","0","163","503","163","1.0723684210526316"
,"279","279","152","0","163","503","163","1.0723684210526316"
,"280","280","149","0","160","506","160","1.0738255033557047"
,"281","281","149","0","160","506","160","1.0738255033557047"
,"282","282","148","0","159","507","159","1.0743243243243243"
,"283","283","147","0","158","508","158","1.0748299319727892"
,"284","284","145","0","156","510","156","1.0758620689655172"
,"285","285","144","0","155","511","155","1.0763888888888888"
,"286","286","141","0","152","514","152","1.0780141843971631"
,"287","287","140","0","151","515","151","1.0785714285714285"
,"288","288","139","0","150","516","150","1.079136690647482"
,"289","289","137","0","148","518","148","1.0802919708029197"
,"290","290","136","0","147","519","147","1.0808823529411764"
,"291","291","133","0","143","523","143","1.0751879699248121"
,"292","292","133","0","143","523","143","1.0751879699248121"
,"293","293","129","0","139","527","139","1.0775193798449612"
,"294","294","124","0","134","532","134","1.0806451612903225"
,"295","295","121","0","131","535","131","1.0826446280991735"
,"296","296","120","0","130","536","130","1.0833333333333333"
,"297","297","120","0","130","536","130","1.0833333333333333"
,"298","298","120","0","130","536","130","1.0833333333333333"
,"299","299","118","0","128","538","128","1.0847457627118644"
,"300","300","112","0","122","544","122","1.0892857142857142"
,"301","301","110","0","120","546","120","1.0909090909090908"
,"302","302","109","0","119","547","119","1.091743119266055"
,"303","303","107","0","117","549","117","1.0934579439252337"
,"304","304","107","0","117","549","117","1.0934579439252337"
,"305","305","102","0","110","556","110","1.0784313725490196"
,"306","306","101","0","109","557","109","1.0792079207920793"
,"307","307","101","0","109","557","109","1.0792079207920793"
,"308","308","100","0","108","558","108","1.08"
,"309","309","100","0","108","558","108","1.08"
,"310","310","100","0","108","558","108","1.08"
,"311","311","100","0","108","558","108","1.08"
,"312","312","99","0","107","559","107","1.0808080808080809"
,"313","313","97","0","105","561","105","1.0824742268041236"
,"314","314","96","0","104","562","104","1.0833333333333333"
,"315","315","94","0","102","564","102","1.0851063829787233"
,"316","316","90","0","97","569","97","1.0777777777777777"
,"317","317","89","0","96","570","96","1.0786516853932584"
,"318","318","87","0","94","572","94","1.0804597701149425"
,"319","319","87","0","94","572","94","1.0804597701149425"
,"320","320","86","0","93","573","93","1.0813953488372092"
,"321","321","85","0","92","574","92","1.0823529411764705"
,"322","322","85","0","92","574","92","1.0823529411764705"
,"323","323","85","0","92","574","92","1.0823529411764705"
,"324","324","84","0","91","575","91","1.0833333333333333"
,"325","325","83","0","90","576","90","1.0843373493975903"
,"326","326","82","0","89","577","89","1.0853658536585367"
,"327","327","81","0","88","578","88","1.0864197530864197"
,"328","328","81","0","88","578","88","1.0864197530864197"
,"329","329","81","0","88","578","88","1.0864197530864197"
,"330","330","80","0","87","579","87","1.0875"
,"331","331","79","0","86","580","86","1.0886075949367089"
,"332","332","79","0","86","580","86","1.0886075949367089"
,"333","333","78","0","85","581","85","1.0897435897435896"
,"334","334","78","0","85","581","85","1.0897435897435896"
,"335","335","76","0","83","583","83","1.0921052631578947"
,"336","336","74","0","80","586","80","1.0810810810810811"
,"337","337","73","0","78","588","78","1.0684931506849316"
,"338","338","72","0","77","589","77","1.0694444444444444"
,"339","339","72","0","77","589","77","1.0694444444444444"
,"340","340","71","0","76","590","76","1.0704225352112675"
,"341","341","70","0","75","591","75","1.0714285714285714"
,"342","342","68","0","72","594","72","1.0588235294117647"
,"343","343","67","0","71","595","71","1.0597014925373134"
,"344","344","66","0","70","596","70","1.0606060606060606"
,"345","345","66","0","70","596","70","1.0606060606060606"
,"346","346","65","0","69","597","69","1.0615384615384615"
,"347","347","65","0","69","597","69","1.0615384615384615"
,"348","348","64","0","68","598","68","1.0625"
,"349","349","64","0","68","598","68","1.0625"
,"350","350","64","0","68","598","68","1.0625"
,"351","351","62","0","66","600","66","1.064516129032258"
,"352","352","60","0","64","602","64","1.0666666666666667"
,"353","353","58","0","62","604","62","1.0689655172413792"
,"354","354","58","0","62","604","62","1.0689655172413792"
,"355","355","58","0","62","604","62","1.0689655172413792"
,"356","356","55","0","59","607","59","1.0727272727272728"
,"357","357","55","0","59","607","59","1.0727272727272728"
,"358","358","54","0","58","608","58","1.0740740740740742"
,"359","359","53","0","57","609","57","1.0754716981132075"
,"360","360","53","0","57","609","57","1.0754716981132075"
,"361","361","156","0","170","610","170","1.0897435897435896"
,"362","362","155","0","169","611","169","1.0903225806451613"
,"363","363","154","0","167","613","167","1.0844155844155845"
,"364","364","151","0","164","616","164","1.086092715231788"
,"365","365","150","0","162","618","162","1.08"
,"366","366","150","0","162","618","162","1.08"
,"367","367","149","0","161","619","161","1.080536912751678"
,"368","368","148","0","160","620","160","1.0810810810810811"
,"369","369","145","0","157","623","157","1.0827586206896551"
,"370","370","142","0","154","626","154","1.0845070422535212"
,"371","371","141","0","153","627","153","1.0851063829787233"
,"372","372","139","0","151","629","151","1.0863309352517985"
,"373","373","135","0","147","633","147","1.0888888888888888"
,"374","374","132","0","144","636","144","1.0909090909090908"
,"375","375","132","0","144","636","144","1.0909090909090908"
,"376","376","129","0","141","639","141","1.0930232558139534"
,"377","377","129","0","141","639","141","1.0930232558139534"
,"378","378","129","0","141","639","141","1.0930232558139534"
,"379","379","127","0","138","642","138","1.0866141732283465"
,"380","380","124","0","135","645","135","1.0887096774193548"
,"381","381","121","0","132","648","132","1.0909090909090908"
,"382","382","120","0","131","649","131","1.0916666666666666"
,"383","383","118","0","128","652","128","1.0847457627118644"
,"384","384","116","0","126","654","126","1.0862068965517242"
,"385","385","115","0","125","655","125","1.0869565217391304"
,"386","386","113","0","123","657","123","1.0884955752212389"
,"387","387","112","0","122","658","122","1.0892857142857142"
,"388","388","110","0","119","661","119","1.0818181818181818"
,"389","389","110","0","119","661","119","1.0818181818181818"
,"390","390","109","0","118","662","118","1.0825688073394495"
,"391","391","107","0","116","664","116","1.0841121495327102"
,"392","392","107","0","116","664","116","1.0841121495327102"
,"393","393","105","0","114","666","114","1.0857142857142856"
,"394","394","103","0","112","668","112","1.087378640776699"
,"395","395","103","0","112","668","112","1.087378640776699"
,"396","396","101","0","110","670","110","1.0891089108910892"
,"397","397","100","0","109","671","109","1.09"
,"398","398","100","0","109","671","109","1.09"
,"399","399","99","0","108","672","108","1.0909090909090908"
,"400","400","97","0","106","674","106","1.092783505154639"
,"401","401","95","0","104","676","104","1.0947368421052632"
,"402","402","94","0","103","677","103","1.0957446808510638"
,"403","403","91","0","100","680","100","1.098901098901099"
,"404","404","88","0","97","683","97","1.1022727272727273"
,"405","405","85","0","94","686","94","1.1058823529411765"
,"406","406","85","0","94","686","94","1.1058823529411765"
,"407","407","83","0","91","689","91","1.0963855421686748"
,"408","408","83","0","91","689","91","1.0963855421686748"
,"409","409","82","0","90","690","90","1.0975609756097562"
,"410","410","82","0","90","690","90","1.0975609756097562"
,"411","411","81","0","89","691","89","1.0987654320987654"
,"412","412","79","0","87","693","87","1.1012658227848102"
,"413","413","77","0","85","695","85","1.103896103896104"
,"414","414","76","0","84","696","84","1.105263157894737"
,"415","415","76","0","84","696","84","1.105263157894737"
,"416","416","75","0","83","697","83","1.1066666666666667"
,"417","417","71","0","77","703","77","1.0845070422535212"
,"418","418","69","0","75","705","75","1.0869565217391304"
,"419","419","66","0","72","708","72","1.0909090909090908"
,"420","420","64","0","69","711","69","1.078125"
,"421","421","62","0","67","713","67","1.0806451612903225"
,"422","422","62","0","67","713","67","1.0806451612903225"
,"423","423","61","0","66","714","66","1.0819672131147542"
,"424","424","61","0","66","714","66","1.0819672131147542"
,"425","425","59","0","64","716","64","1.0847457627118644"
,"426","426","56","0","61","719","61","1.0892857142857142"
,"427","427","56","0","61","719","61","1.0892857142857142"
,"428","428","55","0","60","720","60","1.0909090909090908"
,"429","429","54","0","59","721","59","1.0925925925925926"
,"430","430","54","0","59","721","59","1.0925925925925926"
,"431","431","54","0","59","721","59","1.0925925925925926"
,"432","432","52","0","57","723","57","1.0961538461538463"
,"433","433","49","0","53","727","53","1.0816326530612246"
,"434","434","47","0","51","729","51","1.0851063829787233"
,"435","435","46","0","50","730","50","1.0869565217391304"
,"436","436","45","0","49","731","49","1.0888888888888888"
,"437","437","45","0","49","731","49","1.0888888888888888"
,"438","438","43","0","47","733","47","1.0930232558139534"
,"439","439","43","0","47","733","47","1.0930232558139534"
,"440","440","43","0","47","733","47","1.0930232558139534"
,"441","441","43","0","47","733","47","1.0930232558139534"
,"442","442","41","0","45","735","45","1.0975609756097562"
,"443","443","41","0","45","735","45","1.0975609756097562"
,"444","444","39","0","43","737","43","1.1025641025641026"
,"445","445","39","0","43","737","43","1.1025641025641026"
,"446","446","39","0","43","737","43","1.1025641025641026"
,"447","447","38","0","42","738","42","1.105263157894737"
,"448","448","38","0","42","738","42","1.105263157894737"
,"449","449","37","0","41","739","41","1.1081081081081081"
,"450","450","37","0","41","739","41","1.1081081081081081"
,"451","451","37","0","41","739","41","1.1081081081081081"
,"452","452","35","0","38","742","38","1.0857142857142856"
,"453","453","34","0","37","743","37","1.088235294117647"
,"454","454","33","0","36","744","36","1.0909090909090908"
,"455","455","32","0","35","745","35","1.09375"
,"456","456","30","0","33","747","33","1.1"
,"457","457","29","0","32","748","32","1.103448275862069"
,"458","458","26","0","29","751","29","1.1153846153846154"
,"459","459","25","0","28","752","28","1.12"
,"460","460","25","0","28","752","28","1.12"
,"461","461","24","0","27","753","27","1.125"
,"462","462","24","0","27","753","27","1.125"
,"463","463","24","0","27","753","27","1.125"
,"464","464","24","0","27","753","27","1.125"
,"465","465","24","0","27","753","27","1.125"
,"466","466","22","0","24","756","24","1.0909090909090908"
,"467","467","21","0","23","757","23","1.0952380952380953"
,"468","468","19","0","21","759","21","1.105263157894737"
,"469","469","18","0","20","760","20","1.1111111111111112"
,"470","470","17","0","19","761","19","1.1176470588235294"
,"471","471","15","0","17","763","17","1.1333333333333333"
,"472","472","15","0","17","763","17","1.1333333333333333"
,"473","473","15","0","17","763","17","1.1333333333333333"
,"474","474","15","0","17","763","17","1.1333333333333333"
,"475","475","15","0","17","763","17","1.1333333333333333"
,"476","476","15","0","17","763","17","1.1333333333333333"
,"477","477","14","0","15","765","15","1.0714285714285714"
,"478","478","14","0","15","765","15","1.0714285714285714"
,"479","479","14","0","15","765","15","1.0714285714285714"
,"480","480","13","0","13","767","13","1"
,"481","481","64","0","67","768","67","1.046875"
,"482","482","63","0","66","769","66","1.0476190476190477"
,"483","483","63","0","66","769","66","1.0476190476190477"
,"484","484","62","0","65","770","65","1.0483870967741935"
,"485","485","61","0","64","771","64","1.0491803278688525"
,"486","486","60","0","63","772","63","1.05"
,"487","487","58","0","61","774","61","1.0517241379310345"
,"488","488","57","0","60","775","60","1.0526315789473684"
,"489","489","57","0","60","775","60","1.0526315789473684"
,"490","490","56","0","59","776","59","1.0535714285714286"
,"491","491","53","0","56","779","56","1.0566037735849056"
,"492","492","51","0","54","781","54","1.0588235294117647"
,"493","493","50","0","53","782","53","1.06"
,"494","494","48","0","51","784","51","1.0625"
,"495","495","48","0","51","784","51","1.0625"
,"496","496","45","0","48","787","48","1.0666666666666667"
,"497","497","45","0","48","787","48","1.0666666666666667"
,"498","498","43","0","46","789","46","1.069767441860465"
,"499","499","43","0","46","789","46","1.069767441860465"
,"500","500","43","0","46","789","46","1.069767441860465"
,"501","501","42","0","45","790","45","1.0714285714285714"
,"502","502","40","0","43","792","43","1.075"
,"503","503","40","0","43","792","43","1.075"
,"504","504","40","0","43","792","43","1.075"
,"505","505","38","0","41","794","41","1.0789473684210527"
,"506","506","36","0","39","796","39","1.0833333333333333"
,"507","507","36","0","39","796","39","1.0833333333333333"
,"508","508","36","0","39","796","39","1.0833333333333333"
,"509","509","34","0","36","799","36","1.0588235294117647"
,"510","510","34","0","36","799","36","1.0588235294117647"
,"511","511","33","0","35","800","35","1.0606060606060606"
,"512","512","33","0","35","800","35","1.0606060606060606"
,"513","513","31","0","33","802","33","1.064516129032258"
,"514","514","29","0","31","804","31","1.0689655172413792"
,"515","515","28","0","30","805","30","1.0714285714285714"
,"516","516","25","0","27","808","27","1.08"
,"517","517","24","0","26","809","26","1.0833333333333333"
,"518","518","24","0","26","809","26","1.0833333333333333"
,"519","519","24","0","26","809","26","1.0833333333333333"
,"520","520","20","0","22","813","22","1.1"
,"521","521","20","0","22","813","22","1.1"
,"522","522","20","0","22","813","22","1.1"
,"523","523","20","0","22","813","22","1.1"
,"524","524","18","0","20","815","20","1.1111111111111112"
,"525","525","17","0","19","816","19","1.1176470588235294"
,"526","526","16","0","18","817","18","1.125"
,"527","527","13","0","15","820","15","1.1538461538461537"
,"528","528","12","0","14","821","14","1.1666666666666667"
,"529","529","11","0","13","822","13","1.1818181818181819"
,"530","530","11","0","13","822","13","1.1818181818181819"
,"531","531","10","0","12","823","12","1.2"
,"532","532","10","0","12","823","12","1.2"
,"533","533","9","0","10","825","10","1.1111111111111112"
,"534","534","9","0","10","825","10","1.1111111111111112"
,"535","535","9","0","10","825","10","1.1111111111111112"
,"536","536","9","0","10","825","10","1.1111111111111112"
,"537","537","9","0","10","825","10","1.1111111111111112"
,"538","538","9","0","10","825","10","1.1111111111111112"
,"539","539","9","0","10","825","10","1.1111111111111112"
,"540","540","9","0","10","825","10","1.1111111111111112"
,"541","541","9","0","10","825","10","1.1111111111111112"
,"542","542","9","0","10","825","10","1.1111111111111112"
,"543","543","9","0","10","825","10","1.1111111111111112"
,"544","544","9","0","10","825","10","1.1111111111111112"
,"545","545","9","0","10","825","10","1.1111111111111112"
,"546","546","9","0","10","825","10","1.1111111111111112"
,"547","547","9","0","10","825","10","1.1111111111111112"
,"548","548","9","0","10","825","10","1.1111111111111112"
,"549","549","9","0","10","825","10","1.1111111111111112"
,"550","550","9","0","10","825","10","1.1111111111111112"
,"551","551","9","0","10","825","10","1.1111111111111112"
,"552","552","9","0","10","825","10","1.1111111111111112"
,"553","553","9","0","10","825","10","1.1111111111111112"
,"554","554","9","0","10","825","10","1.1111111111111112"
,"555","555","9","0","10","825","10","1.1111111111111112"
,"556","556","9","0","10","825","10","1.1111111111111112"
,"557","557","9","0","10","825","10","1.1111111111111112"
,"558","558","9","0","10","825","10","1.1111111111111112"
,"559","559","9","0","10","825","10","1.1111111111111112"
,"560","560","9","0","10","825","10","1.1111111111111112"
,"561","561","8","0","9","826","9","1.125"
,"562","562","7","0","8","827","8","1.1428571428571428"
,"563","563","7","0","8","827","8","1.1428571428571428"
,"564","564","7","0","8","827","8","1.1428571428571428"
,"565","565","7","0","8","827","8","1.1428571428571428"
,"566","566","7","0","8","827","8","1.1428571428571428"
,"567","567","7","0","8","827","8","1.1428571428571428"
,"568","568","7","0","8","827","8","1.1428571428571428"
,"569","569","6","0","7","828","7","1.1666666666666667"
,"570","570","6","0","7","828","7","1.1666666666666667"
,"571","571","6","0","7","828","7","1.1666666666666667"
,"572","572","6","0","7","828","7","1.1666666666666667"
,"573","573","6","0","7","828","7","1.1666666666666667"
,"574","574","4","0","5","830","5","1.25"
,"575","575","4","0","5","830","5","1.25"
,"576","576","4","0","5","830","5","1.25"
,"577","577","3","0","4","831","4","1.3333333333333333"
,"578","578","2","0","3","832","3","1.5"
,"579","579","2","0","3","832","3","1.5"
,"580","580","2","0","3","832","3","1.5"
,"581","581","2","0","3","832","3","1.5"
,"582","582","0","0","0","835","0","0"
,"583","583","0","0","0","835","0","0"
,"584","584","0","0","0","835","0","0"
,"585","585","0","0","0","835","0","0"
,"586","586","0","0","0","835","0","0"
,"587","587","0","0","0","835","0","0"
,"588","588","0","0","0","835","0","0"
,"589","589","0","0","0","835","0","0"
,"590","590","0","0","0","835","0","0"
,"591","591","0","0","0","835","0","0"
,"592","592","0","0","0","835","0","0"
,"593","593","0","0","0","835","0","0"
,"594","594","0","0","0","835","0","0"
,"595","595","0","0","0","835","0","0"
,"596","596","0","0","0","835","0","0"
,"597","597","0","0","0","835","0","0"
,"598","598","0","0","0","835","0","0"
,"599","599","0","0","0","835","0","0"
,"600","600","0","0","0","835","0","0"
,"601","601","53","0","54","835","54","1.0188679245283019"
,"602","602","53","0","54","835","54","1.0188679245283019"
,"603","603","53","0","54","835","54","1.0188679245283019"
,"604","604","53","0","54","835","54","1.0188679245283019"
,"605","605","53","0","54","835","54","1.0188679245283019"
,"606","606","52","0","53","836","53","1.0192307692307692"
,"607","607","50","0","51","838","51","1.02"
,"608","608","49","0","50","839","50","1.0204081632653061"
,"609","609","49","0","50","839","50","1.0204081632653061"
,"610","610","45","0","46","843","46","1.0222222222222221"
,"611","611","44","0","45","844","45","1.0227272727272727"
,"612","612","44","0","45","844","45","1.0227272727272727"
,"613","613","42","0","43","846","43","1.0238095238095237"
,"614","614","42","0","43","846","43","1.0238095238095237"
,"615","615","41","0","42","847","42","1.024390243902439"
,"616","616","41","0","42","847","42","1.024390243902439"
,"617","617","41","0","42","847","42","1.024390243902439"
,"618","618","41","0","42","847","42","1.024390243902439"
,"619","619","41","0","42","847","42","1.024390243902439"
,"620","620","40","0","41","848","41","1.025"
,"621","621","40","0","41","848","41","1.025"
,"622","622","40","0","41","848","41","1.025"
,"623","623","38","0","39","850","39","1.0263157894736843"
,"624","624","35","0","36","853","36","1.0285714285714285"
,"625","625","35","0","36","853","36","1.0285714285714285"
,"626","626","35","0","36","853","36","1.0285714285714285"
,"627","627","35","0","36","853","36","1.0285714285714285"
,"628","628","35","0","36","853","36","1.0285714285714285"
,"629","629","34","0","34","855","34","1"
,"630","630","32","0","32","857","32","1"
,"631","631","31","0","31","858","31","1"
,"632","632","30","0","30","859","30","1"
,"633","633","26","0","26","863","26","1"
,"634","634","24","0","24","865","24","1"
,"635","635","22","0","22","867","22","1"
,"636","636","20","0","20","869","20","1"
,"637","637","19","0","19","870","19","1"
,"638","638","19","0","19","870","19","1"
,"639","639","19","0","19","870","19","1"
,"640","640","18","0","18","871","18","1"
,"641","641","18","0","18","871","18","1"
,"642","642","18","0","18","871","18","1"
,"643","643","18","0","18","871","18","1"
,"644","644","17","0","17","872","17","1"
,"645","645","17","0","17","872","17","1"
,"646","646","17","0","17","872","17","1"
,"647","647","16","0","16","873","16","1"
,"648","648","16","0","16","873","16","1"
,"649","649","16","0","16","873","16","1"
,"650","650","16","0","16","873","16","1"
,"651","651","16","0","16","873","16","1"
,"652","652","15","0","15","874","15","1"
,"653","653","15","0","15","874","15","1"
,"654","654","15","0","15","874","15","1"
,"655","655","14","0","14","875","14","1"
,"656","656","14","0","14","875","14","1"
,"657","657","14","0","14","875","14","1"
,"658","658","14","0","14","875","14","1"
,"659","659","14","0","14","875","14","1"
,"660","660","14","0","14","875","14","1"
,"661","661","14","0","14","875","14","1"
,"662","662","13","0","13","876","13","1"
,"663","663","12","0","12","877","12","1"
,"664","664","12","0","12","877","12","1"
,"665","665","12","0","12","877","12","1"
,"666","666","12","0","12","877","12","1"
,"667","667","11","0","11","878","11","1"
,"668","668","11","0","11","878","11","1"
,"669","669","11","0","11","878","11","1"
,"670","670","11","0","11","878","11","1"
,"671","671","11","0","11","878","11","1"
,"672","672","11","0","11","878","11","1"
,"673","673","11","0","11","878","11","1"
,"674","674","11","0","11","878","11","1"
,"675","675","11","0","11","878","11","1"
,"676","676","10","0","10","879","10","1"
,"677","677","10","0","10","879","10","1"
,"678","678","10","0","10","879","10","1"
,"679","679","10","0","10","879","10","1"
,"680","680","10","0","10","879","10","1"
,"681","681","10","0","10","879","10","1"
,"682","682","9","0","9","880","9","1"
,"683","683","9","0","9","880","9","1"
,"684","684","8","0","8","881","8","1"
,"685","685","7","0","7","882","7","1"
,"686","686","7","0","7","882","7","1"
,"687","687","6","0","6","883","6","1"
,"688","688","6","0","6","883","6","1"
,"689","689","4","0","4","885","4","1"
,"690","690","4","0","4","885","4","1"
,"691","691","4","0","4","885","4","1"
,"692","692","4","0","4","885","4","1"
,"693","693","3","0","3","886","3","1"
,"694","694","2","0","2","887","2","1"
,"695","695","1","0","1","888","1","1"
,"696","696","1","0","1","888","1","1"
,"697","697","0","0","0","889","0","0"
,"698","698","0","0","0","889","0","0"
,"699","699","0","0","0","889","0","0"
,"700","700","0","0","0","889","0","0"
,"701","701","0","0","0","889","0","0"
,"702","702","0","0","0","889","0","0"
,"703","703","0","0","0","889","0","0"
,"704","704","0","0","0","889","0","0"
,"705","705","0","0","0","889","0","0"
,"706","706","0","0","0","889","0","0"
,"707","707","0","0","0","889","0","0"
,"708","708","0","0","0","889","0","0"
,"709","709","0","0","0","889","0","0"
,"710","710","0","0","0","889","0","0"
,"711","711","0","0","0","889","0","0"
,"712","712","0","0","0","889","0","0"
,"713","713","0","0","0","889","0","0"
,"714","714","0","0","0","889","0","0"
,"715","715","0","0","0","889","0","0"
,"716","716","0","0","0","889","0","0"
,"717","717","0","0","0","889","0","0"
,"718","718","0","0","0","889","0","0"
,"719","719","0","0","0","889","0","0"
,"720","720","0","0","0","889","0","0"
,"721","721","35","0","36","889","36","1.0285714285714285"
,"722","722","35","0","36","889","36","1.0285714285714285"
,"723","723","35","0","36","889","36","1.0285714285714285"
,"724","724","34","0","35","890","35","1.0294117647058822"
,"725","725","34","0","35","890","35","1.0294117647058822"
,"726","726","34","0","35","890","35","1.0294117647058822"
,"727","727","34","0","35","890","35","1.0294117647058822"
,"728","728","33","0","34","891","34","1.0303030303030303"
,"729","729","32","0","33","892","33","1.03125"
,"730","730","30","0","31","894","31","1.0333333333333334"
,"731","731","30","0","31","894","31","1.0333333333333334"
,"732","732","30","0","31","894","31","1.0333333333333334"
,"733","733","28","0","29","896","29","1.0357142857142858"
,"734","734","26","0","27","898","27","1.0384615384615385"
,"735","735","24","0","25","900","25","1.0416666666666667"
,"736","736","24","0","25","900","25","1.0416666666666667"
,"737","737","22","0","23","902","23","1.0454545454545454"
,"738","738","19","0","20","905","20","1.0526315789473684"
,"739","739","18","0","19","906","19","1.0555555555555556"
,"740","740","18","0","19","906","19","1.0555555555555556"
,"741","741","18","0","19","906","19","1.0555555555555556"
,"742","742","18","0","19","906","19","1.0555555555555556"
,"743","743","17","0","18","907","18","1.0588235294117647"
,"744","744","16","0","17","908","17","1.0625"
,"745","745","16","0","17","908","17","1.0625"
,"746","746","12","0","12","913","12","1"
,"747","747","12","0","12","913","12","1"
,"748","748","12","0","12","913","12","1"
,"749","749","12","0","12","913","12","1"
,"750","750","12","0","12","913","12","1"
,"751","751","12","0","12","913","12","1"
,"752","752","12","0","12","913","12","1"
,"753","753","12","0","12","913","12","1"
,"754","754","11","0","11","914","11","1"
,"755","755","11","0","11","914","11","1"
,"756","756","11","0","11","914","11","1"
,"757","757","10","0","10","915","10","1"
,"758","758","10","0","10","915","10","1"
,"759","759","9","0","9","916","9","1"
,"760","760","9","0","9","916","9","1"
,"761","761","9","0","9","916","9","1"
,"762","762","9","0","9","916","9","1"
,"763","763","9","0","9","916","9","1"
,"764","764","8","0","8","917","8","1"
,"765","765","8","0","8","917","8","1"
,"766","766","7","0","7","918","7","1"
,"767","767","7","0","7","918","7","1"
,"768","768","7","0","7","918","7","1"
,"769","769","6","0","6","919","6","1"
,"770","770","5","0","5","920","5","1"
,"771","771","4","0","4","921","4","1"
,"772","772","3","0","3","922","3","1"
,"773","773","3","0","3","922","3","1"
,"774","774","3","0","3","922","3","1"
,"775","775","3","0","3","922","3","1"
,"776","776","3","0","3","922","3","1"
,"777","777","3","0","3","922","3","1"
,"778","778","3","0","3","922","3","1"
,"779","779","2","0","2","923","2","1"
,"780","780","2","0","2","923","2","1"
,"781","781","2","0","2","923","2","1"
,"782","782","2","0","2","923","2","1"
,"783","783","2","0","2","923","2","1"
,"784","784","2","0","2","923","2","1"
,"785","785","2","0","2","923","2","1"
,"786","786","2","0","2","923","2","1"
,"787","787","2","0","2","923","2","1"
,"788","788","2","0","2","923","2","1"
,"789","789","2","0","2","923","2","1"
,"790","790","2","0","2","923","2","1"
,"791","791","2","0","2","923","2","1"
,"792","792","2","0","2","923","2","1"
,"793","793","2","0","2","923","2","1"
,"794","794","2","0","2","923","2","1"
,"795","795","2","0","2","923","2","1"
,"796","796","2","0","2","923","2","1"
,"797","797","2","0","2","923","2","1"
,"798","798","2","0","2","923","2","1"
,"799","799","2","0","2","923","2","1"
,"800","800","2","0","2","923","2","1"
,"801","801","2","0","2","923","2","1"
,"802","802","2","0","2","923","2","1"
,"803","803","2","0","2","923","2","1"
,"804","804","2","0","2","923","2","1"
,"805","805","2","0","2","923","2","1"
,"806","806","0","0","0","925","0","0"
,"807","807","0","0","0","925","0","0"
,"808","808","0","0","0","925","0","0"
,"809","809","0","0","0","925","0","0"
,"810","810","0","0","0","925","0","0"
,"811","811","0","0","0","925","0","0"
,"812","812","0","0","0","925","0","0"
,"813","813","0","0","0","925","0","0"
,"814","814","0","0","0","925","0","0"
,"815","815","0","0","0","925","0","0"
,"816","816","0","0","0","925","0","0"
,"817","817","0","0","0","925","0","0"
,"818","818","0","0","0","925","0","0"
,"819","819","0","0","0","925","0","0"
,"820","820","0","0","0","925","0","0"
,"821","821","0","0","0","925","0","0"
,"822","822","0","0","0","925","0","0"
,"823","823","0","0","0","925","0","0"
,"824","824","0","0","0","925","0","0"
,"825","825","0","0","0","925","0","0"
,"826","826","0","0","0","925","0","0"
,"827","827","0","0","0","925","0","0"
,"828","828","0","0","0","925","0","0"
,"829","829","0","0","0","925","0","0"
,"830","830","0","0","0","925","0","0"
,"831","831","0","0","0","925","0","0"
,"832","832","0","0","0","925","0","0"
,"833","833","0","0","0","925","0","0"
,"834","834","0","0","0","925","0","0"
,"835","835","0","0","0","925","0","0"
,"836","836","0","0","0","925","0","0"
,"837","837","0","0","0","925","0","0"
,"838","838","0","0","0","925","0","0"
,"839","839","0","0","0","925","0","0"
,"840","840","0","0","0","925","0","0"
,"841","841","16","0","16","925","16","1"
,"842","842","16","0","16","925","16","1"
,"843","843","16","0","16","925","16","1"
,"844","844","16","0","16","925","16","1"
,"845","845","15","0","15","926","15","1"
,"846","846","15","0","15","926","15","1"
,"847","847","15","0","15","926","15","1"
,"848","848","15","0","15","926","15","1"
,"849","849","15","0","15","926","15","1"
,"850","850","14","0","14","927","14","1"
,"851","851","13","0","13","928","13","1"
,"852","852","13","0","13","928","13","1"
,"853","853","12","0","12","929","12","1"
,"854","854","12","0","12","929","12","1"
,"855","855","11","0","11","930","11","1"
,"856","856","11","0","11","930","11","1"
,"857","857","11","0","11","930","11","1"
,"858","858","11","0","11","930","11","1"
,"859","859","11","0","11","930","11","1"
,"860","860","9","0","9","932","9","1"
,"861","861","9","0","9","932","9","1"
,"862","862","8","0","8","933","8","1"
,"863","863","8","0","8","933","8","1"
,"864","864","8","0","8","933","8","1"
,"865","865","8","0","8","933","8","1"
,"866","866","8","0","8","933","8","1"
,"867","867","8","0","8","933","8","1"
,"868","868","7","0","7","934","7","1"
,"869","869","7","0","7","934","7","1"
,"870","870","6","0","6","935","6","1"
,"871","871","4","0","4","937","4","1"
,"872","872","4","0","4","937","4","1"
,"873","873","4","0","4","937","4","1"
,"874","874","4","0","4","937","4","1"
,"875","875","4","0","4","937","4","1"
,"876","876","4","0","4","937","4","1"
,"877","877","2","0","2","939","2","1"
,"878","878","2","0","2","939","2","1"
,"879","879","2","0","2","939","2","1"
,"880","880","2","0","2","939","2","1"
,"881","881","2","0","2","939","2","1"
,"882","882","2","0","2","939","2","1"
,"883","883","1","0","1","940","1","1"
,"884","884","0","0","0","941","0","0"
,"885","885","0","0","0","941","0","0"
,"886","886","0","0","0","941","0","0"
,"887","887","0","0","0","941","0","0"
,"888","888","0","0","0","941","0","0"
,"889","889","0","0","0","941","0","0"
,"890","890","0","0","0","941","0","0"
,"891","891","0","0","0","941","0","0"
,"892","892","0","0","0","941","0","0"
,"893","893","0","0","0","941","0","0"
,"894","894","0","0","0","941","0","0"
,"895","895","0","0","0","941","0","0"
,"896","896","0","0","0","941","0","0"
,"897","897","0","0","0","941","0","0"
,"898","898","0","0","0","941","0","0"
,"899","899","0","0","0","941","0","0"
,"900","900","0","0","0","941","0","0"
,"901","901","0","0","0","941","0","0"
,"902","902","0","0","0","941","0","0"
,"903","903","0","0","0","941","0","0"
,"904","904","0","0","0","941","0","0"
,"905","905","0","0","0","941","0","0"
,"906","906","0","0","0","941","0","0"
,"907","907","0","0","0","941","0","0"
,"908","908","0","0","0","941","0","0"
,"909","909","0","0","0","941","0","0"
,"910","910","0","0","0","941","0","0"
,"911","911","0","0","0","941","0","0"
,"912","912","0","0","0","941","0","0"
,"913","913","0","0","0","941","0","0"
,"914","914","0","0","0","941","0","0"
,"915","915","0","0","0","941","0","0"
,"916","916","0","0","0","941","0","0"
,"917","917","0","0","0","941","0","0"
,"918","918","0","0","0","941","0","0"
,"919","919","0","0","0","941","0","0"
,"920","920","0","0","0","941","0","0"
,"921","921","0","0","0","941","0","0"
,"922","922","0","0","0","941","0","0"
,"923","923","0","0","0","941","0","0"
,"924","924","0","0","0","941","0","0"
,"925","925","0","0","0","941","0","0"
,"926","926","0","0","0","941","0","0"
,"927","927","0","0","0","941","0","0"
,"928","928","0","0","0","941","0","0"
,"929","929","0","0","0","941","0","0"
,"930","930","0","0","0","941","0","0"
,"931","931","0","0","0","941","0","0"
,"932","932","0","0","0","941","0","0"
,"933","933","0","0","0","941","0","0"
,"934","934","0","0","0","941","0","0"
,"935","935","0","0","0","941","0","0"
,"936","936","0","0","0","941","0","0"
,"937","937","0","0","0","941","0","0"
,"938","938","0","0","0","941","0","0"
,"939","939","0","0","0","941","0","0"
,"940","940","0","0","0","941","0","0"
,"941","941","0","0","0","941","0","0"
,"942","942","0","0","0","941","0","0"
,"943","943","0","0","0","941","0","0"
,"944","944","0","0","0","941","0","0"
,"945","945","0","0","0","941","0","0"
,"946","946","0","0","0","941","0","0"
,"947","947","0","0","0","941","0","0"
,"948","948","0","0","0","941","0","0"
,"949","949","0","0","0","941","0","0"
,"950","950","0","0","0","941","0","0"
,"951","951","0","0","0","941","0","0"
,"952","952","0","0","0","941","0","0"
,"953","953","0","0","0","941","0","0"
,"954","954","0","0","0","941","0","0"
,"955","955","0","0","0","941","0","0"
,"956","956","0","0","0","941","0","0"
,"957","957","0","0","0","941","0","0"
,"958","958","0","0","0","941","0","0"
,"959","959","0","0","0","941","0","0"
,"960","960","0","0","0","941","0","0"
,"961","961","18","0","19","941","19","1.0555555555555556"
,"962","962","18","0","19","941","19","1.0555555555555556"
,"963","963","18","0","19","941","19","1.0555555555555556"
,"964","964","18","0","19","941","19","1.0555555555555556"
,"965","965","18","0","19","941","19","1.0555555555555556"
,"966","966","18","0","19","941","19","1.0555555555555556"
,"967","967","18","0","19","941","19","1.0555555555555556"
,"968","968","18","0","19","941","19","1.0555555555555556"
,"969","969","18","0","19","941","19","1.0555555555555556"
,"970","970","17","0","18","942","18","1.0588235294117647"
,"971","971","17","0","18","942","18","1.0588235294117647"
,"972","972","16","0","17","943","17","1.0625"
,"973","973","15","0","16","944","16","1.0666666666666667"
,"974","974","15","0","16","944","16","1.0666666666666667"
,"975","975","15","0","16","944","16","1.0666666666666667"
,"976","976","14","0","15","945","15","1.0714285714285714"
,"977","977","14","0","15","945","15","1.0714285714285714"
,"978","978","13","0","13","947","13","1"
,"979","979","12","0","12","948","12","1"
,"980","980","12","0","12","948","12","1"
,"981","981","12","0","12","948","12","1"
,"982","982","12","0","12","948","12","1"
,"983","983","11","0","11","949","11","1"
,"984","984","11","0","11","949","11","1"
,"985","985","11","0","11","949","11","1"
,"986","986","10","0","10","950","10","1"
,"987","987","10","0","10","950","10","1"
,"988","988","10","0","10","950","10","1"
,"989","989","9","0","9","951","9","1"
,"990","990","9","0","9","951","9","1"
,"991","991","9","0","9","951","9","1"
,"992","992","9","0","9","951","9","1"
,"993","993","8","0","8","952","8","1"
,"994","994","8","0","8","952","8","1"
,"995","995","6","0","6","954","6","1"
,"996","996","5","0","5","955","5","1"
,"997","997","5","0","5","955","5","1"
,"998","998","3","0","3","957","3","1"
,"999","999","3","0","3","957","3","1"
,"1000","1000","2","0","2","958","2","1"
,"1001","1001","2","0","2","958","2","1"
,"1002","1002","2","0","2","958","2","1"
,"1003","1003","2","0","2","958","2","1"
,"1004","1004","1","0","1","959","1","1"
,"1005","1005","0","0","0","960","0","0"
,"1006","1006","0","0","0","960","0","0"
,"1007","1007","0","0","0","960","0","0"
,"1008","1008","0","0","0","960","0","0"
,"1009","1009","0","0","0","960","0","0"
,"1010","1010","0","0","0","960","0","0"
,"1011","1011","0","0","0","960","0","0"
,"1012","1012","0","0","0","960","0","0"
,"1013","1013","0","0","0","960","0","0"
,"1014","1014","0","0","0","960","0","0"
,"1015","1015","0","0","0","960","0","0"
,"1016","1016","0","0","0","960","0","0"
,"1017","1017","0","0","0","960","0","0"
,"1018","1018","0","0","0","960","0","0"
,"1019","1019","0","0","0","960","0","0"
,"1020","1020","0","0","0","960","0","0"
,"1021","1021","0","0","0","960","0","0"
,"1022","1022","0","0","0","960","0","0"
,"1023","1023","0","0","0","960","0","0"
,"1024","1024","0","0","0","960","0","0"
,"1025","1025","0","0","0","960","0","0"
,"1026","1026","0","0","0","960","0","0"
,"1027","1027","0","0","0","960","0","0"
,"1028","1028","0","0","0","960","0","0"
,"1029","1029","0","0","0","960","0","0"
,"1030","1030","0","0","0","960","0","0"
,"1031","1031","0","0","0","960","0","0"
,"1032","1032","0","0","0","960","0","0"
,"1033","1033","0","0","0","960","0","0"
,"1034","1034","0","0","0","960","0","0"
,"1035","1035","0","0","0","960","0","0"
,"1036","1036","0","0","0","960","0","0"
,"1037","1037","0","0","0","960","0","0"
,"1038","1038","0","0","0","960","0","0"
,"1039","1039","0","0","0","960","0","0"
,"1040","1040","0","0","0","960","0","0"
,"1041","1041","0","0","0","960","0","0"
,"1042","1042","0","0","0","960","0","0"
,"1043","1043","0","0","0","960","0","0"
,"1044","1044","0","0","0","960","0","0"
,"1045","1045","0","0","0","960","0","0"
,"1046","1046","0","0","0","960","0","0"
,"1047","1047","0","0","0","960","0","0"
,"1048","1048","0","0","0","960","0","0"
,"1049","1049","0","0","0","960","0","0"
,"1050","1050","0","0","0","960","0","0"
,"1051","1051","0","0","0","960","0","0"
,"1052","1052","0","0","0","960","0","0"
,"1053","1053","0","0","0","960","0","0"
,"1054","1054","0","0","0","960","0","0"
,"1055","1055","0","0","0","960","0","0"
,"1056","1056","0","0","0","960","0","0"
,"1057","1057","0","0","0","960","0","0"
,"1058","1058","0","0","0","960","0","0"
,"1059","1059","0","0","0","960","0","0"
,"1060","1060","0","0","0","960","0","0"
,"1061","1061","0","0","0","960","0","0"
,"1062","1062","0","0","0","960","0","0"
,"1063","1063","0","0","0","960","0","0"
,"1064","1064","0","0","0","960","0","0"
,"1065","1065","0","0","0","960","0","0"
,"1066","1066","0","0","0","960","0","0"
,"1067","1067","0","0","0","960","0","0"
,"1068","1068","0","0","0","960","0","0"
,"1069","1069","0","0","0","960","0","0"
,"1070","1070","0","0","0","960","0","0"
,"1071","1071","0","0","0","960","0","0"
,"1072","1072","0","0","0","960","0","0"
,"1073","1073","0","0","0","960","0","0"
,"1074","1074","0","0","0","960","0","0"
,"1075","1075","0","0","0","960","0","0"
,"1076","1076","0","0","0","960","0","0"
,"1077","1077","0","0","0","960","0","0"
,"1078","1078","0","0","0","960","0","0"
,"1079","1079","0","0","0","960","0","0"
,"1080","1080","0","0","0","960","0","0"
,"1081","1081","8","0","8","960","8","1"
,"1082","1082","8","0","8","960","8","1"
,"1083","1083","8","0","8","960","8","1"
,"1084","1084","8","0","8","960","8","1"
,"1085","1085","8","0","8","960","8","1"
,"1086","1086","8","0","8","960","8","1"
,"1087","1087","8","0","8","960","8","1"
,"1088","1088","8","0","8","960","8","1"
,"1089","1089","8","0","8","960","8","1"
,"1090","1090","6","0","6","962","6","1"
,"1091","1091","6","0","6","962","6","1"
,"1092","1092","5","0","5","963","5","1"
,"1093","1093","4","0","4","964","4","1"
,"1094","1094","4","0","4","964","4","1"
,"1095","1095","3","0","3","965","3","1"
,"1096","1096","1","0","1","967","1","1"
,"1097","1097","1","0","1","967","1","1"
,"1098","1098","0","0","0","968","0","0"
,"1099","1099","0","0","0","968","0","0"
,"1100","1100","0","0","0","968","0","0"
,"1101","1101","0","0","0","968","0","0"
,"1102","1102","0","0","0","968","0","0"
,"1103","1103","0","0","0","968","0","0"
,"1104","1104","0","0","0","968","0","0"
,"1105","1105","0","0","0","968","0","0"
,"1106","1106","0","0","0","968","0","0"
,"1107","1107","0","0","0","968","0","0"
,"1108","1108","0","0","0","968","0","0"
,"1109","1109","0","0","0","968","0","0"
,"1110","1110","0","0","0","968","0","0"
,"1111","1111","0","0","0","968","0","0"
,"1112","1112","0","0","0","968","0","0"
,"1113","1113","0","0","0","968","0","0"
,"1114","1114","0","0","0","968","0","0"
,"1115","1115","0","0","0","968","0","0"
,"1116","1116","0","0","0","968","0","0"
,"1117","1117","0","0","0","968","0","0"
,"1118","1118","0","0","0","968","0","0"
,"1119","1119","0","0","0","968","0","0"
,"1120","1120","0","0","0","968","0","0"
,"1121","1121","0","0","0","968","0","0"
,"1122","1122","0","0","0","968","0","0"
,"1123","1123","0","0","0","968","0","0"
,"1124","1124","0","0","0","968","0","0"
,"1125","1125","0","0","0","968","0","0"
,"1126","1126","0","0","0","968","0","0"
,"1127","1127","0","0","0","968","0","0"
,"1128","1128","0","0","0","968","0","0"
,"1129","1129","0","0","0","968","0","0"
,"1130","1130","0","0","0","968","0","0"
,"1131","1131","0","0","0","968","0","0"
,"1132","1132","0","0","0","968","0","0"
,"1133","1133","0","0","0","968","0","0"
,"1134","1134","0","0","0","968","0","0"
,"1135","1135","0","0","0","968","0","0"
,"1136","1136","0","0","0","968","0","0"
,"1137","1137","0","0","0","968","0","0"
,"1138","1138","0","0","0","968","0","0"
,"1139","1139","0","0","0","968","0","0"
,"1140","1140","0","0","0","968","0","0"
,"1141","1141","0","0","0","968","0","0"
,"1142","1142","0","0","0","968","0","0"
,"1143","1143","0","0","0","968","0","0"
,"1144","1144","0","0","0","968","0","0"
,"1145","1145","0","0","0","968","0","0"
,"1146","1146","0","0","0","968","0","0"
,"1147","1147","0","0","0","968","0","0"
,"1148","1148","0","0","0","968","0","0"
,"1149","1149","0","0","0","968","0","0"
,"1150","1150","0","0","0","968","0","0"
,"1151","1151","0","0","0","968","0","0"
,"1152","1152","0","0","0","968","0","0"
,"1153","1153","0","0","0","968","0","0"
,"1154","1154","0","0","0","968","0","0"
,"1155","1155","0","0","0","968","0","0"
,"1156","1156","0","0","0","968","0","0"
,"1157","1157","0","0","0","968","0","0"
,"1158","1158","0","0","0","968","0","0"
,"1159","1159","0","0","0","968","0","0"
,"1160","1160","0","0","0","968","0","0"
,"1161","1161","0","0","0","968","0","0"
,"1162","1162","0","0","0","968","0","0"
,"1163","1163","0","0","0","968","0","0"
,"1164","1164","0","0","0","968","0","0"
,"1165","1165","0","0","0","968","0","0"
,"1166","1166","0","0","0","968","0","0"
,"1167","1167","0","0","0","968","0","0"
,"1168","1168","0","0","0","968","0","0"
,"1169","1169","0","0","0","968","0","0"
,"1170","1170","0","0","0","968","0","0"
,"1171","1171","0","0","0","968","0","0"
,"1172","1172","0","0","0","968","0","0"
,"1173","1173","0","0","0","968","0","0"
,"1174","1174","0","0","0","968","0","0"
,"1175","1175","0","0","0","968","0","0"
,"1176","1176","0","0","0","968","0","0"
,"1177","1177","0","0","0","968","0","0"
,"1178","1178","0","0","0","968","0","0"
,"1179","1179","0","0","0","968","0","0"
,"1180","1180","0","0","0","968","0","0"
,"1181","1181","0","0","0","968","0","0"
,"1182","1182","0","0","0","968","0","0"
,"1183","1183","0","0","0","968","0","0"
,"1184","1184","0","0","0","968","0","0"
,"1185","1185","0","0","0","968","0","0"
,"1186","1186","0","0","0","968","0","0"
,"1187","1187","0","0","0","968","0","0"
,"1188","1188","0","0","0","968","0","0"
,"1189","1189","0","0","0","968","0","0"
,"1190","1190","0","0","0","968","0","0"
,"1191","1191","0","0","0","968","0","0"
,"1192","1192","0","0","0","968","0","0"
,"1193","1193","0","0","0","968","0","0"
,"1194","1194","0","0","0","968","0","0"
,"1195","1195","0","0","0","968","0","0"
,"1196","1196","0","0","0","968","0","0"
,"1197","1197","0","0","0","968","0","0"
,"1198","1198","0","0","0","968","0","0"
,"1199","1199","0","0","0","968","0","0"
,"1200","1200","0","0","0","968","0","0"
,"1201","1201","8","0","8","968","8","1"
,"1202","1202","8","0","8","968","8","1"
,"1203","1203","8","0","8","968","8","1"
,"1204","1204","8","0","8","968","8","1"
,"1205","1205","8","0","8","968","8","1"
,"1206","1206","8","0","8","968","8","1"
,"1207","1207","8","0","8","968","8","1"
,"1208","1208","7","0","7","969","7","1"
,"1209","1209","7","0","7","969","7","1"
,"1210","1210","7","0","7","969","7","1"
,"1211","1211","7","0","7","969","7","1"
,"1212","1212","7","0","7","969","7","1"
,"1213","1213","6","0","6","970","6","1"
,"1214","1214","6","0","6","970","6","1"
,"1215","1215","5","0","5","971","5","1"
,"1216","1216","4","0","4","972","4","1"
,"1217","1217","4","0","4","972","4","1"
,"1218","1218","4","0","4","972","4","1"
,"1219","1219","3","0","3","973","3","1"
,"1220","1220","3","0","3","973","3","1"
,"1221","1221","3","0","3","973","3","1"
,"1222","1222","2","0","2","974","2","1"
,"1223","1223","2","0","2","974","2","1"
,"1224","1224","2","0","2","974","2","1"
,"1225","1225","2","0","2","974","2","1"
,"1226","1226","0","0","0","976","0","0"
,"1227","1227","0","0","0","976","0","0"
,"1228","1228","0","0","0","976","0","0"
,"1229","1229","0","0","0","976","0","0"
,"1230","1230","0","0","0","976","0","0"
,"1231","1231","0","0","0","976","0","0"
,"1232","1232","0","0","0","976","0","0"
,"1233","1233","0","0","0","976","0","0"
,"1234","1234","0","0","0","976","0","0"
,"1235","1235","0","0","0","976","0","0"
,"1236","1236","0","0","0","976","0","0"
,"1237","1237","0","0","0","976","0","0"
,"1238","1238","0","0","0","976","0","0"
,"1239","1239","0","0","0","976","0","0"
,"1240","1240","0","0","0","976","0","0"
,"1241","1241","0","0","0","976","0","0"
,"1242","1242","0","0","0","976","0","0"
,"1243","1243","0","0","0","976","0","0"
,"1244","1244","0","0","0","976","0","0"
,"1245","1245","0","0","0","976","0","0"
,"1246","1246","0","0","0","976","0","0"
,"1247","1247","0","0","0","976","0","0"
,"1248","1248","0","0","0","976","0","0"
,"1249","1249","0","0","0","976","0","0"
,"1250","1250","0","0","0","976","0","0"
,"1251","1251","0","0","0","976","0","0"
,"1252","1252","0","0","0","976","0","0"
,"1253","1253","0","0","0","976","0","0"
,"1254","1254","0","0","0","976","0","0"
,"1255","1255","0","0","0","976","0","0"
,"1256","1256","0","0","0","976","0","0"
,"1257","1257","0","0","0","976","0","0"
,"1258","1258","0","0","0","976","0","0"
,"1259","1259","0","0","0","976","0","0"
,"1260","1260","0","0","0","976","0","0"
,"1261","1261","0","0","0","976","0","0"
,"1262","1262","0","0","0","976","0","0"
,"1263","1263","0","0","0","976","0","0"
,"1264","1264","0","0","0","976","0","0"
,"1265","1265","0","0","0","976","0","0"
,"1266","1266","0","0","0","976","0","0"
,"1267","1267","0","0","0","976","0","0"
,"1268","1268","0","0","0","976","0","0"
,"1269","1269","0","0","0","976","0","0"
,"1270","1270","0","0","0","976","0","0"
,"1271","1271","0","0","0","976","0","0"
,"1272","1272","0","0","0","976","0","0"
,"1273","1273","0","0","0","976","0","0"
,"1274","1274","0","0","0","976","0","0"
,"1275","1275","0","0","0","976","0","0"
,"1276","1276","0","0","0","976","0","0"
,"1277","1277","0","0","0","976","0","0"
,"1278","1278","0","0","0","976","0","0"
,"1279","1279","0","0","0","976","0","0"
,"1280","1280","0","0","0","976","0","0"
,"1281","1281","0","0","0","976","0","0"
,"1282","1282","0","0","0","976","0","0"
,"1283","1283","0","0","0","976","0","0"
,"1284","1284","0","0","0","976","0","0"
,"1285","1285","0","0","0","976","0","0"
,"1286","1286","0","0","0","976","0","0"
,"1287","1287","0","0","0","976","0","0"
,"1288","1288","0","0","0","976","0","0"
,"1289","1289","0","0","0","976","0","0"
,"1290","1290","0","0","0","976","0","0"
,"1291","1291","0","0","0","976","0","0"
,"1292","1292","0","0","0","976","0","0"
,"1293","1293","0","0","0","976","0","0"
,"1294","1294","0","0","0","976","0","0"
,"1295","1295","0","0","0","976","0","0"
,"1296","1296","0","0","0","976","0","0"
,"1297","1297","0","0","0","976","0","0"
,"1298","1298","0","0","0","976","0","0"
,"1299","1299","0","0","0","976","0","0"
,"1300","1300","0","0","0","976","0","0"
,"1301","1301","0","0","0","976","0","0"
,"1302","1302","0","0","0","976","0","0"
,"1303","1303","0","0","0","976","0","0"
,"1304","1304","0","0","0","976","0","0"
,"1305","1305","0","0","0","976","0","0"
,"1306","1306","0","0","0","976","0","0"
,"1307","1307","0","0","0","976","0","0"
,"1308","1308","0","0","0","976","0","0"
,"1309","1309","0","0","0","976","0","0"
,"1310","1310","0","0","0","976","0","0"
,"1311","1311","0","0","0","976","0","0"
,"1312","1312","0","0","0","976","0","0"
,"1313","1313","0","0","0","976","0","0"
,"1314","1314","0","0","0","976","0","0"
,"1315","1315","0","0","0","976","0","0"
,"1316","1316","0","0","0","976","0","0"
,"1317","1317","0","0","0","976","0","0"
,"1318","1318","0","0","0","976","0","0"
,"1319","1319","0","0","0","976","0","0"
,"1320","1320","0","0","0","976","0","0"
,"1321","1321","8","0","8","976","8","1"
,"1322","1322","8","0","8","976","8","1"
,"1323","1323","8","0","8","976","8","1"
,"1324","1324","8","0","8","976","8","1"
,"1325","1325","8","0","8","976","8","1"
,"1326","1326","8","0","8","976","8","1"
,"1327","1327","8","0","8","976","8","1"
,"1328","1328","7","0","7","977","7","1"
,"1329","1329","6","0","6","978","6","1"
,"1330","1330","5","0","5","979","5","1"
,"1331","1331","5","0","5","979","5","1"
,"1332","1332","5","0","5","979","5","1"
,"1333","1333","5","0","5","979","5","1"
,"1334","1334","5","0","5","979","5","1"
,"1335","1335","5","0","5","979","5","1"
,"1336","1336","4","0","4","980","4","1"
,"1337","1337","2","0","2","982","2","1"
,"1338","1338","1","0","1","983","1","1"
,"1339","1339","1","0","1","983","1","1"
,"1340","1340","1","0","1","983","1","1"
,"1341","1341","1","0","1","983","1","1"
,"1342","1342","1","0","1","983","1","1"
,"1343","1343","1","0","1","983","1","1"
,"1344","1344","1","0","1","983","1","1"
,"1345","1345","0","0","0","984","0","0"
,"1346","1346","0","0","0","984","0","0"
,"1347","1347","0","0","0","984","0","0"
,"1348","1348","0","0","0","984","0","0"
,"1349","1349","0","0","0","984","0","0"
,"1350","1350","0","0","0","984","0","0"
,"1351","1351","0","0","0","984","0","0"
,"1352","1352","0","0","0","984","0","0"
,"1353","1353","0","0","0","984","0","0"
,"1354","1354","0","0","0","984","0","0"
,"1355","1355","0","0","0","984","0","0"
,"1356","1356","0","0","0","984","0","0"
,"1357","1357","0","0","0","984","0","0"
,"1358","1358","0","0","0","984","0","0"
,"1359","1359","0","0","0","984","0","0"
,"1360","1360","0","0","0","984","0","0"
,"1361","1361","0","0","0","984","0","0"
,"1362","1362","0","0","0","984","0","0"
,"1363","1363","0","0","0","984","0","0"
,"1364","1364","0","0","0","984","0","0"
,"1365","1365","0","0","0","984","0","0"
,"1366","1366","0","0","0","984","0","0"
,"1367","1367","0","0","0","984","0","0"
,"1368","1368","0","0","0","984","0","0"
,"1369","1369","0","0","0","984","0","0"
,"1370","1370","0","0","0","984","0","0"
,"1371","1371","0","0","0","984","0","0"
,"1372","1372","0","0","0","984","0","0"
,"1373","1373","0","0","0","984","0","0"
,"1374","1374","0","0","0","984","0","0"
,"1375","1375","0","0","0","984","0","0"
,"1376","1376","0","0","0","984","0","0"
,"1377","1377","0","0","0","984","0","0"
,"1378","1378","0","0","0","984","0","0"
,"1379","1379","0","0","0","984","0","0"
,"1380","1380","0","0","0","984","0","0"
,"1381","1381","0","0","0","984","0","0"
,"1382","1382","0","0","0","984","0","0"
,"1383","1383","0","0","0","984","0","0"
,"1384","1384","0","0","0","984","0","0"
,"1385","1385","0","0","0","984","0","0"
,"1386","1386","0","0","0","984","0","0"
,"1387","1387","0","0","0","984","0","0"
,"1388","1388","0","0","0","984","0","0"
,"1389","1389","0","0","0","984","0","0"
,"1390","1390","0","0","0","984","0","0"
,"1391","1391","0","0","0","984","0","0"
,"1392","1392","0","0","0","984","0","0"
,"1393","1393","0","0","0","984","0","0"
,"1394","1394","0","0","0","984","0","0"
,"1395","1395","0","0","0","984","0","0"
,"1396","1396","0","0","0","984","0","0"
,"1397","1397","0","0","0","984","0","0"
,"1398","1398","0","0","0","984","0","0"
,"1399","1399","0","0","0","984","0","0"
,"1400","1400","0","0","0","984","0","0"
,"1401","1401","0","0","0","984","0","0"
,"1402","1402","0","0","0","984","0","0"
,"1403","1403","0","0","0","984","0","0"
,"1404","1404","0","0","0","984","0","0"
,"1405","1405","0","0","0","984","0","0"
,"1406","1406","0","0","0","984","0","0"
,"1407","1407","0","0","0","984","0","0"
,"1408","1408","0","0","0","984","0","0"
,"1409","1409","0","0","0","984","0","0"
,"1410","1410","0","0","0","984","0","0"
,"1411","1411","0","0","0","984","0","0"
,"1412","1412","0","0","0","984","0","0"
,"1413","1413","0","0","0","984","0","0"
,"1414","1414","0","0","0","984","0","0"
,"1415","1415","0","0","0","984","0","0"
,"1416","1416","0","0","0","984","0","0"
,"1417","1417","0","0","0","984","0","0"
,"1418","1418","0","0","0","984","0","0"
,"1419","1419","0","0","0","984","0","0"
,"1420","1420","0","0","0","984","0","0"
,"1421","1421","0","0","0","984","0","0"
,"1422","1422","0","0","0","984","0","0"
,"1423","1423","0","0","0","984","0","0"
,"1424","1424","0","0","0","984","0","0"
,"1425","1425","0","0","0","984","0","0"
,"1426","1426","0","0","0","984","0","0"
,"1427","1427","0","0","0","984","0","0"
,"1428","1428","0","0","0","984","0","0"
,"1429","1429","0","0","0","984","0","0"
,"1430","1430","0","0","0","984","0","0"
,"1431","1431","0","0","0","984","0","0"
,"1432","1432","0","0","0","984","0","0"
,"1433","1433","0","0","0","984","0","0"
,"1434","1434","0","0","0","984","0","0"
,"1435","1435","0","0","0","984","0","0"
,"1436","1436","0","0","0","984","0","0"
,"1437","1437","0","0","0","984","0","0"
,"1438","1438","0","0","0","984","0","0"
,"1439","1439","0","0","0","984","0","0"
,"1440","1440","0","0","0","984","0","0"
,"1441","1441","6","0","6","984","6","1"
,"1442","1442","6","0","6","984","6","1"
,"1443","1443","6","0","6","984","6","1"
,"1444","1444","6","0","6","984","6","1"
,"1445","1445","6","0","6","984","6","1"
,"1446","1446","6","0","6","984","6","1"
,"1447","1447","6","0","6","984","6","1"
,"1448","1448","6","0","6","984","6","1"
,"1449","1449","5","0","5","985","5","1"
,"1450","1450","4","0","4","986","4","1"
,"1451","1451","4","0","4","986","4","1"
,"1452","1452","4","0","4","986","4","1"
,"1453","1453","3","0","3","987","3","1"
,"1454","1454","3","0","3","987","3","1"
,"1455","1455","3","0","3","987","3","1"
,"1456","1456","3","0","3","987","3","1"
,"1457","1457","3","0","3","987","3","1"
,"1458","1458","3","0","3","987","3","1"
,"1459","1459","3","0","3","987","3","1"
,"1460","1460","3","0","3","987","3","1"
,"1461","1461","2","0","2","988","2","1"
,"1462","1462","2","0","2","988","2","1"
,"1463","1463","2","0","2","988","2","1"
,"1464","1464","2","0","2","988","2","1"
,"1465","1465","2","0","2","988","2","1"
,"1466","1466","2","0","2","988","2","1"
,"1467","1467","2","0","2","988","2","1"
,"1468","1468","2","0","2","988","2","1"
,"1469","1469","2","0","2","988","2","1"
,"1470","1470","0","0","0","990","0","0"
,"1471","1471","0","0","0","990","0","0"
,"1472","1472","0","0","0","990","0","0"
,"1473","1473","0","0","0","990","0","0"
,"1474","1474","0","0","0","990","0","0"
,"1475","1475","0","0","0","990","0","0"
,"1476","1476","0","0","0","990","0","0"
,"1477","1477","0","0","0","990","0","0"
,"1478","1478","0","0","0","990","0","0"
,"1479","1479","0","0","0","990","0","0"
,"1480","1480","0","0","0","990","0","0"
,"1481","1481","0","0","0","990","0","0"
,"1482","1482","0","0","0","990","0","0"
,"1483","1483","0","0","0","990","0","0"
,"1484","1484","0","0","0","990","0","0"
,"1485","1485","0","0","0","990","0","0"
,"1486","1486","0","0","0","990","0","0"
,"1487","1487","0","0","0","990","0","0"
,"1488","1488","0","0","0","990","0","0"
,"1489","1489","0","0","0","990","0","0"
,"1490","1490","0","0","0","990","0","0"
,"1491","1491","0","0","0","990","0","0"
,"1492","1492","0","0","0","990","0","0"
,"1493","1493","0","0","0","990","0","0"
,"1494","1494","0","0","0","990","0","0"
,"1495","1495","0","0","0","990","0","0"
,"1496","1496","0","0","0","990","0","0"
,"1497","1497","0","0","0","990","0","0"
,"1498","1498","0","0","0","990","0","0"
,"1499","1499","0","0","0","990","0","0"
,"1500","1500","0","0","0","990","0","0"
,"1501","1501","0","0","0","990","0","0"
,"1502","1502","0","0","0","990","0","0"
,"1503","1503","0","0","0","990","0","0"
,"1504","1504","0","0","0","990","0","0"
,"1505","1505","0","0","0","990","0","0"
,"1506","1506","0","0","0","990","0","0"
,"1507","1507","0","0","0","990","0","0"
,"1508","1508","0","0","0","990","0","0"
,"1509","1509","0","0","0","990","0","0"
,"1510","1510","0","0","0","990","0","0"
,"1511","1511","0","0","0","990","0","0"
,"1512","1512","0","0","0","990","0","0"
,"1513","1513","0","0","0","990","0","0"
,"1514","1514","0","0","0","990","0","0"
,"1515","1515","0","0","0","990","0","0"
,"1516","1516","0","0","0","990","0","0"
,"1517","1517","0","0","0","990","0","0"
,"1518","1518","0","0","0","990","0","0"
,"1519","1519","0","0","0","990","0","0"
,"1520","1520","0","0","0","990","0","0"
,"1521","1521","0","0","0","990","0","0"
,"1522","1522","0","0","0","990","0","0"
,"1523","1523","0","0","0","990","0","0"
,"1524","1524","0","0","0","990","0","0"
,"1525","1525","0","0","0","990","0","0"
,"1526","1526","0","0","0","990","0","0"
,"1527","1527","0","0","0","990","0","0"
,"1528","1528","0","0","0","990","0","0"
,"1529","1529","0","0","0","990","0","0"
,"1530","1530","0","0","0","990","0","0"
,"1531","1531","0","0","0","990","0","0"
,"1532","1532","0","0","0","990","0","0"
,"1533","1533","0","0","0","990","0","0"
,"1534","1534","0","0","0","990","0","0"
,"1535","1535","0","0","0","990","0","0"
,"1536","1536","0","0","0","990","0","0"
,"1537","1537","0","0","0","990","0","0"
,"1538","1538","0","0","0","990","0","0"
,"1539","1539","0","0","0","990","0","0"
,"1540","1540","0","0","0","990","0","0"
,"1541","1541","0","0","0","990","0","0"
,"1542","1542","0","0","0","990","0","0"
,"1543","1543","0","0","0","990","0","0"
,"1544","1544","0","0","0","990","0","0"
,"1545","1545","0","0","0","990","0","0"
,"1546","1546","0","0","0","990","0","0"
,"1547","1547","0","0","0","990","0","0"
,"1548","1548","0","0","0","990","0","0"
,"1549","1549","0","0","0","990","0","0"
,"1550","1550","0","0","0","990","0","0"
,"1551","1551","0","0","0","990","0","0"
,"1552","1552","0","0","0","990","0","0"
,"1553","1553","0","0","0","990","0","0"
,"1554","1554","0","0","0","990","0","0"
,"1555","1555","0","0","0","990","0","0"
,"1556","1556","0","0","0","990","0","0"
,"1557","1557","0","0","0","990","0","0"
,"1558","1558","0","0","0","990","0","0"
,"1559","1559","0","0","0","990","0","0"
,"1560","1560","0","0","0","990","0","0"
,"1561","1561","3","0","3","990","3","1"
,"1562","1562","3","0","3","990","3","1"
,"1563","1563","3","0","3","990","3","1"
,"1564","1564","3","0","3","990","3","1"
,"1565","1565","3","0","3","990","3","1"
,"1566","1566","3","0","3","990","3","1"
,"1567","1567","3","0","3","990","3","1"
,"1568","1568","3","0","3","990","3","1"
,"1569","1569","3","0","3","990","3","1"
,"1570","1570","3","0","3","990","3","1"
,"1571","1571","3","0","3","990","3","1"
,"1572","1572","3","0","3","990","3","1"
,"1573","1573","3","0","3","990","3","1"
,"1574","1574","3","0","3","990","3","1"
,"1575","1575","3","0","3","990","3","1"
,"1576","1576","3","0","3","990","3","1"
,"1577","1577","3","0","3","990","3","1"
,"1578","1578","3","0","3","990","3","1"
,"1579","1579","3","0","3","990","3","1"
,"1580","1580","3","0","3","990","3","1"
,"1581","1581","3","0","3","990","3","1"
,"1582","1582","3","0","3","990","3","1"
,"1583","1583","3","0","3","990","3","1"
,"1584","1584","3","0","3","990","3","1"
,"1585","1585","3","0","3","990","3","1"
,"1586","1586","2","0","2","991","2","1"
,"1587","1587","2","0","2","991","2","1"
,"1588","1588","2","0","2","991","2","1"
,"1589","1589","2","0","2","991","2","1"
,"1590","1590","2","0","2","991","2","1"
,"1591","1591","2","0","2","991","2","1"
,"1592","1592","2","0","2","991","2","1"
,"1593","1593","2","0","2","991","2","1"
,"1594","1594","2","0","2","991","2","1"
,"1595","1595","2","0","2","991","2","1"
,"1596","1596","2","0","2","991","2","1"
,"1597","1597","2","0","2","991","2","1"
,"1598","1598","2","0","2","991","2","1"
,"1599","1599","2","0","2","991","2","1"
,"1600","1600","2","0","2","991","2","1"
,"1601","1601","2","0","2","991","2","1"
,"1602","1602","1","0","1","992","1","1"
,"1603","1603","1","0","1","992","1","1"
,"1604","1604","1","0","1","992","1","1"
,"1605","1605","0","0","0","993","0","0"
,"1606","1606","0","0","0","993","0","0"
,"1607","1607","0","0","0","993","0","0"
,"1608","1608","0","0","0","993","0","0"
,"1609","1609","0","0","0","993","0","0"
,"1610","1610","0","0","0","993","0","0"
,"1611","1611","0","0","0","993","0","0"
,"1612","1612","0","0","0","993","0","0"
,"1613","1613","0","0","0","993","0","0"
,"1614","1614","0","0","0","993","0","0"
,"1615","1615","0","0","0","993","0","0"
,"1616","1616","0","0","0","993","0","0"
,"1617","1617","0","0","0","993","0","0"
,"1618","1618","0","0","0","993","0","0"
,"1619","1619","0","0","0","993","0","0"
,"1620","1620","0","0","0","993","0","0"
,"1621","1621","0","0","0","993","0","0"
,"1622","1622","0","0","0","993","0","0"
,"1623","1623","0","0","0","993","0","0"
,"1624","1624","0","0","0","993","0","0"
,"1625","1625","0","0","0","993","0","0"
,"1626","1626","0","0","0","993","0","0"
,"1627","1627","0","0","0","993","0","0"
,"1628","1628","0","0","0","993","0","0"
,"1629","1629","0","0","0","993","0","0"
,"1630","1630","0","0","0","993","0","0"
,"1631","1631","0","0","0","993","0","0"
,"1632","1632","0","0","0","993","0","0"
,"1633","1633","0","0","0","993","0","0"
,"1634","1634","0","0","0","993","0","0"
,"1635","1635","0","0","0","993","0","0"
,"1636","1636","0","0","0","993","0","0"
,"1637","1637","0","0","0","993","0","0"
,"1638","1638","0","0","0","993","0","0"
,"1639","1639","0","0","0","993","0","0"
,"1640","1640","0","0","0","993","0","0"
,"1641","1641","0","0","0","993","0","0"
,"1642","1642","0","0","0","993","0","0"
,"1643","1643","0","0","0","993","0","0"
,"1644","1644","0","0","0","993","0","0"
,"1645","1645","0","0","0","993","0","0"
,"1646","1646","0","0","0","993","0","0"
,"1647","1647","0","0","0","993","0","0"
,"1648","1648","0","0","0","993","0","0"
,"1649","1649","0","0","0","993","0","0"
,"1650","1650","0","0","0","993","0","0"
,"1651","1651","0","0","0","993","0","0"
,"1652","1652","0","0","0","993","0","0"
,"1653","1653","0","0","0","993","0","0"
,"1654","1654","0","0","0","993","0","0"
,"1655","1655","0","0","0","993","0","0"
,"1656","1656","0","0","0","993","0","0"
,"1657","1657","0","0","0","993","0","0"
,"1658","1658","0","0","0","993","0","0"
,"1659","1659","0","0","0","993","0","0"
,"1660","1660","0","0","0","993","0","0"
,"1661","1661","0","0","0","993","0","0"
,"1662","1662","0","0","0","993","0","0"
,"1663","1663","0","0","0","993","0","0"
,"1664","1664","0","0","0","993","0","0"
,"1665","1665","0","0","0","993","0","0"
,"1666","1666","0","0","0","993","0","0"
,"1667","1667","0","0","0","993","0","0"
,"1668","1668","0","0","0","993","0","0"
,"1669","1669","0","0","0","993","0","0"
,"1670","1670","0","0","0","993","0","0"
,"1671","1671","0","0","0","993","0","0"
,"1672","1672","0","0","0","993","0","0"
,"1673","1673","0","0","0","993","0","0"
,"1674","1674","0","0","0","993","0","0"
,"1675","1675","0","0","0","993","0","0"
,"1676","1676","0","0","0","993","0","0"
,"1677","1677","0","0","0","993","0","0"
,"1678","1678","0","0","0","993","0","0"
,"1679","1679","0","0","0","993","0","0"
,"1680","1680","0","0","0","993","0","0"
,"1681","1681","2","0","2","993","2","1"
,"1682","1682","2","0","2","993","2","1"
,"1683","1683","2","0","2","993","2","1"
,"1684","1684","2","0","2","993","2","1"
,"1685","1685","2","0","2","993","2","1"
,"1686","1686","2","0","2","993","2","1"
,"1687","1687","2","0","2","993","2","1"
,"1688","1688","2","0","2","993","2","1"
,"1689","1689","2","0","2","993","2","1"
,"1690","1690","2","0","2","993","2","1"
,"1691","1691","2","0","2","993","2","1"
,"1692","1692","2","0","2","993","2","1"
,"1693","1693","2","0","2","993","2","1"
,"1694","1694","2","0","2","993","2","1"
,"1695","1695","2","0","2","993","2","1"
,"1696","1696","2","0","2","993","2","1"
,"1697","1697","2","0","2","993","2","1"
,"1698","1698","2","0","2","993","2","1"
,"1699","1699","2","0","2","993","2","1"
,"1700","1700","2","0","2","993","2","1"
,"1701","1701","2","0","2","993","2","1"
,"1702","1702","2","0","2","993","2","1"
,"1703","1703","2","0","2","993","2","1"
,"1704","1704","2","0","2","993","2","1"
,"1705","1705","2","0","2","993","2","1"
,"1706","1706","2","0","2","993","2","1"
,"1707","1707","2","0","2","993","2","1"
,"1708","1708","2","0","2","993","2","1"
,"1709","1709","2","0","2","993","2","1"
,"1710","1710","2","0","2","993","2","1"
,"1711","1711","2","0","2","993","2","1"
,"1712","1712","2","0","2","993","2","1"
,"1713","1713","2","0","2","993","2","1"
,"1714","1714","2","0","2","993","2","1"
,"1715","1715","1","0","1","994","1","1"
,"1716","1716","1","0","1","994","1","1"
,"1717","1717","0","0","0","995","0","0"
,"1718","1718","0","0","0","995","0","0"
,"1719","1719","0","0","0","995","0","0"
,"1720","1720","0","0","0","995","0","0"
,"1721","1721","0","0","0","995","0","0"
,"1722","1722","0","0","0","995","0","0"
,"1723","1723","0","0","0","995","0","0"
,"1724","1724","0","0","0","995","0","0"
,"1725","1725","0","0","0","995","0","0"
,"1726","1726","0","0","0","995","0","0"
,"1727","1727","0","0","0","995","0","0"
,"1728","1728","0","0","0","995","0","0"
,"1729","1729","0","0","0","995","0","0"
,"1730","1730","0","0","0","995","0","0"
,"1731","1731","0","0","0","995","0","0"
,"1732","1732","0","0","0","995","0","0"
,"1733","1733","0","0","0","995","0","0"
,"1734","1734","0","0","0","995","0","0"
,"1735","1735","0","0","0","995","0","0"
,"1736","1736","0","0","0","995","0","0"
,"1737","1737","0","0","0","995","0","0"
,"1738","1738","0","0","0","995","0","0"
,"1739","1739","0","0","0","995","0","0"
,"1740","1740","0","0","0","995","0","0"
,"1741","1741","0","0","0","995","0","0"
,"1742","1742","0","0","0","995","0","0"
,"1743","1743","0","0","0","995","0","0"
,"1744","1744","0","0","0","995","0","0"
,"1745","1745","0","0","0","995","0","0"
,"1746","1746","0","0","0","995","0","0"
,"1747","1747","0","0","0","995","0","0"
,"1748","1748","0","0","0","995","0","0"
,"1749","1749","0","0","0","995","0","0"
,"1750","1750","0","0","0","995","0","0"
,"1751","1751","0","0","0","995","0","0"
,"1752","1752","0","0","0","995","0","0"
,"1753","1753","0","0","0","995","0","0"
,"1754","1754","0","0","0","995","0","0"
,"1755","1755","0","0","0","995","0","0"
,"1756","1756","0","0","0","995","0","0"
,"1757","1757","0","0","0","995","0","0"
,"1758","1758","0","0","0","995","0","0"
,"1759","1759","0","0","0","995","0","0"
,"1760","1760","0","0","0","995","0","0"
,"1761","1761","0","0","0","995","0","0"
,"1762","1762","0","0","0","995","0","0"
,"1763","1763","0","0","0","995","0","0"
,"1764","1764","0","0","0","995","0","0"
,"1765","1765","0","0","0","995","0","0"
,"1766","1766","0","0","0","995","0","0"
,"1767","1767","0","0","0","995","0","0"
,"1768","1768","0","0","0","995","0","0"
,"1769","1769","0","0","0","995","0","0"
,"1770","1770","0","0","0","995","0","0"
,"1771","1771","0","0","0","995","0","0"
,"1772","1772","0","0","0","995","0","0"
,"1773","1773","0","0","0","995","0","0"
,"1774","1774","0","0","0","995","0","0"
,"1775","1775","0","0","0","995","0","0"
,"1776","1776","0","0","0","995","0","0"
,"1777","1777","0","0","0","995","0","0"
,"1778","1778","0","0","0","995","0","0"
,"1779","1779","0","0","0","995","0","0"
,"1780","1780","0","0","0","995","0","0"
,"1781","1781","0","0","0","995","0","0"
,"1782","1782","0","0","0","995","0","0"
,"1783","1783","0","0","0","995","0","0"
,"1784","1784","0","0","0","995","0","0"
,"1785","1785","0","0","0","995","0","0"
,"1786","1786","0","0","0","995","0","0"
,"1787","1787","0","0","0","995","0","0"
,"1788","1788","0","0","0","995","0","0"
,"1789","1789","0","0","0","995","0","0"
,"1790","1790","0","0","0","995","0","0"
,"1791","1791","0","0","0","995","0","0"
,"1792","1792","0","0","0","995","0","0"
,"1793","1793","0","0","0","995","0","0"
,"1794","1794","0","0","0","995","0","0"
,"1795","1795","0","0","0","995","0","0"
,"1796","1796","0","0","0","995","0","0"
,"1797","1797","0","0","0","995","0","0"
,"1798","1798","0","0","0","995","0","0"
,"1799","1799","0","0","0","995","0","0"
,"1800","1800","0","0","0","995","0","0"
,"1801","1801","3","0","3","995","3","1"
,"1802","1802","3","0","3","995","3","1"
,"1803","1803","3","0","3","995","3","1"
,"1804","1804","3","0","3","995","3","1"
,"1805","1805","3","0","3","995","3","1"
,"1806","1806","3","0","3","995","3","1"
,"1807","1807","2","0","2","996","2","1"
,"1808","1808","2","0","2","996","2","1"
,"1809","1809","2","0","2","996","2","1"
,"1810","1810","2","0","2","996","2","1"
,"1811","1811","2","0","2","996","2","1"
,"1812","1812","2","0","2","996","2","1"
,"1813","1813","2","0","2","996","2","1"
,"1814","1814","2","0","2","996","2","1"
,"1815","1815","2","0","2","996","2","1"
,"1816","1816","2","0","2","996","2","1"
,"1817","1817","2","0","2","996","2","1"
,"1818","1818","2","0","2","996","2","1"
,"1819","1819","2","0","2","996","2","1"
,"1820","1820","2","0","2","996","2","1"
,"1821","1821","2","0","2","996","2","1"
,"1822","1822","2","0","2","996","2","1"
,"1823","1823","2","0","2","996","2","1"
,"1824","1824","2","0","2","996","2","1"
,"1825","1825","2","0","2","996","2","1"
,"1826","1826","2","0","2","996","2","1"
,"1827","1827","2","0","2","996","2","1"
,"1828","1828","2","0","2","996","2","1"
,"1829","1829","2","0","2","996","2","1"
,"1830","1830","2","0","2","996","2","1"
,"1831","1831","2","0","2","996","2","1"
,"1832","1832","2","0","2","996","2","1"
,"1833","1833","2","0","2","996","2","1"
,"1834","1834","2","0","2","996","2","1"
,"1835","1835","2","0","2","996","2","1"
,"1836","1836","2","0","2","996","2","1"
,"1837","1837","2","0","2","996","2","1"
,"1838","1838","2","0","2","996","2","1"
,"1839","1839","2","0","2","996","2","1"
,"1840","1840","2","0","2","996","2","1"
,"1841","1841","2","0","2","996","2","1"
,"1842","1842","2","0","2","996","2","1"
,"1843","1843","2","0","2","996","2","1"
,"1844","1844","2","0","2","996","2","1"
,"1845","1845","2","0","2","996","2","1"
,"1846","1846","2","0","2","996","2","1"
,"1847","1847","2","0","2","996","2","1"
,"1848","1848","0","0","0","998","0","0"
,"1849","1849","0","0","0","998","0","0"
,"1850","1850","0","0","0","998","0","0"
,"1851","1851","0","0","0","998","0","0"
,"1852","1852","0","0","0","998","0","0"
,"1853","1853","0","0","0","998","0","0"
,"1854","1854","0","0","0","998","0","0"
,"1855","1855","0","0","0","998","0","0"
,"1856","1856","0","0","0","998","0","0"
,"1857","1857","0","0","0","998","0","0"
,"1858","1858","0","0","0","998","0","0"
,"1859","1859","0","0","0","998","0","0"
,"1860","1860","0","0","0","998","0","0"
,"1861","1861","0","0","0","998","0","0"
,"1862","1862","0","0","0","998","0","0"
,"1863","1863","0","0","0","998","0","0"
,"1864","1864","0","0","0","998","0","0"
,"1865","1865","0","0","0","998","0","0"
,"1866","1866","0","0","0","998","0","0"
,"1867","1867","0","0","0","998","0","0"
,"1868","1868","0","0","0","998","0","0"
,"1869","1869","0","0","0","998","0","0"
,"1870","1870","0","0","0","998","0","0"
,"1871","1871","0","0","0","998","0","0"
,"1872","1872","0","0","0","998","0","0"
,"1873","1873","0","0","0","998","0","0"
,"1874","1874","0","0","0","998","0","0"
,"1875","1875","0","0","0","998","0","0"
,"1876","1876","0","0","0","998","0","0"
,"1877","1877","0","0","0","998","0","0"
,"1878","1878","0","0","0","998","0","0"
,"1879","1879","0","0","0","998","0","0"
,"1880","1880","0","0","0","998","0","0"
,"1881","1881","0","0","0","998","0","0"
,"1882","1882","0","0","0","998","0","0"
,"1883","1883","0","0","0","998","0","0"
,"1884","1884","0","0","0","998","0","0"
,"1885","1885","0","0","0","998","0","0"
,"1886","1886","0","0","0","998","0","0"
,"1887","1887","0","0","0","998","0","0"
,"1888","1888","0","0","0","998","0","0"
,"1889","1889","0","0","0","998","0","0"
,"1890","1890","0","0","0","998","0","0"
,"1891","1891","0","0","0","998","0","0"
,"1892","1892","0","0","0","998","0","0"
,"1893","1893","0","0","0","998","0","0"
,"1894","1894","0","0","0","998","0","0"
,"1895","1895","0","0","0","998","0","0"
,"1896","1896","0","0","0","998","0","0"
,"1897","1897","0","0","0","998","0","0"
,"1898","1898","0","0","0","998","0","0"
,"1899","1899","0","0","0","998","0","0"
,"1900","1900","0","0","0","998","0","0"
,"1901","1901","0","0","0","998","0","0"
,"1902","1902","0","0","0","998","0","0"
,"1903","1903","0","0","0","998","0","0"
,"1904","1904","0","0","0","998","0","0"
,"1905","1905","0","0","0","998","0","0"
,"1906","1906","0","0","0","998","0","0"
,"1907","1907","0","0","0","998","0","0"
,"1908","1908","0","0","0","998","0","0"
,"1909","1909","0","0","0","998","0","0"
,"1910","1910","0","0","0","998","0","0"
,"1911","1911","0","0","0","998","0","0"
,"1912","1912","0","0","0","998","0","0"
,"1913","1913","0","0","0","998","0","0"
,"1914","1914","0","0","0","998","0","0"
,"1915","1915","0","0","0","998","0","0"
,"1916","1916","0","0","0","998","0","0"
,"1917","1917","0","0","0","998","0","0"
,"1918","1918","0","0","0","998","0","0"
,"1919","1919","0","0","0","998","0","0"
,"1920","1920","0","0","0","998","0","0"
,"1921","1921","2","0","2","998","2","1"
,"1922","1922","2","0","2","998","2","1"
,"1923","1923","2","0","2","998","2","1"
,"1924","1924","2","0","2","998","2","1"
,"1925","1925","2","0","2","998","2","1"
,"1926","1926","2","0","2","998","2","1"
,"1927","1927","2","0","2","998","2","1"
,"1928","1928","2","0","2","998","2","1"
,"1929","1929","2","0","2","998","2","1"
,"1930","1930","2","0","2","998","2","1"
,"1931","1931","1","0","1","999","1","1"
,"1932","1932","1","0","1","999","1","1"
,"1933","1933","1","0","1","999","1","1"
,"1934","1934","1","0","1","999","1","1"
,"1935","1935","1","0","1","999","1","1"
,"1936","1936","1","0","1","999","1","1"
,"1937","1937","1","0","1","999","1","1"
,"1938","1938","1","0","1","999","1","1"
